0b0111111111110000000000011,
0b0111111111010000000011011,
0b0111111110110000001001011,
0b0111111110010000010010011,
0b0111111101110000011110011,
0b0111111101010000101101010,
0b0111111100110000111111000,
0b0111111100010001010011111,
0b0111111011110001101011111,
0b0111111011010010000110100,
0b0111111010110010100100011,
0b0111111010010011000100111,
0b0111111001110011101000011,
0b0111111001010100001110111,
0b0111111000110100111000011,
0b0111111000010101100100111,
0b0111110111110110010100000,
0b0111110111010111000110010,
0b0111110110110111111011011,
0b0111110110011000110011010,
0b0111110101111001101110000,
0b0111110101011010101011111,
0b0111110100111011101100011,
0b0111110100011100101111111,
0b0111110011111101110110011,
0b0111110011011110111111011,
0b0111110011000000001011100,
0b0111110010100001011010011,
0b0111110010000010101100000,
0b0111110001100100000000111,
0b0111110001000101011000001,
0b0111110000100110110010100,
0b0111110000001000001111100,
0b0111101111101001101111100,
0b0111101111001011010010001,
0b0111101110101100110111101,
0b0111101110001110100000000,
0b0111101101110000001011001,
0b0111101101010001111001000,
0b0111101100110011101001101,
0b0111101100010101011101001,
0b0111101011110111010011010,
0b0111101011011001001100010,
0b0111101010111011001000001,
0b0111101010011101000110110,
0b0111101001111111000111111,
0b0111101001100001001011111,
0b0111101001000011010010101,
0b0111101000100101011100001,
0b0111101000000111101000100,
0b0111100111101001110111100,
0b0111100111001100001001001,
0b0111100110101110011101011,
0b0111100110010000110100101,
0b0111100101110011001110011,
0b0111100101010101101010111,
0b0111100100111000001010001,
0b0111100100011010101100001,
0b0111100011111101010000101,
0b0111100011011111110111111,
0b0111100011000010100001111,
0b0111100010100101001110100,
0b0111100010000111111101101,
0b0111100001101010101111101,
0b0111100001001101100100010,
0b0111100000110000011011100,
0b0111100000010011010101100,
0b0111011111110110010001111,
0b0111011111011001010001010,
0b0111011110111100010011000,
0b0111011110011111010111010,
0b0111011110000010011110011,
0b0111011101100101101000000,
0b0111011101001000110100010,
0b0111011100101100000011010,
0b0111011100001111010100100,
0b0111011011110010101000110,
0b0111011011010101111111011,
0b0111011010111001011000101,
0b0111011010011100110100011,
0b0111011010000000010010111,
0b0111011001100011110011110,
0b0111011001000111010111011,
0b0111011000101010111101011,
0b0111011000001110100110000,
0b0111010111110010010001010,
0b0111010111010101111111000,
0b0111010110111001101111011,
0b0111010110011101100010001,
0b0111010110000001010111100,
0b0111010101100101001111101,
0b0111010101001001001010000,
0b0111010100101101000110111,
0b0111010100010001000110010,
0b0111010011110101001000001,
0b0111010011011001001100111,
0b0111010010111101010011110,
0b0111010010100001011101010,
0b0111010010000101101001001,
0b0111010001101001110111100,
0b0111010001001110001000100,
0b0111010000110010011011111,
0b0111010000010110110001110,
0b0111001111111011001010010,
0b0111001111011111100100111,
0b0111001111000100000010010,
0b0111001110101000100001111,
0b0111001110001101000100001,
0b0111001101110001101000110,
0b0111001101010110001111110,
0b0111001100111010111001010,
0b0111001100011111100101000,
0b0111001100000100010011100,
0b0111001011101001000100010,
0b0111001011001101110111011,
0b0111001010110010101101000,
0b0111001010010111100101000,
0b0111001001111100011111011,
0b0111001001100001011100011,
0b0111001001000110011011100,
0b0111001000101011011101001,
0b0111001000010000100001000,
0b0111000111110101100111011,
0b0111000111011010110000001,
0b0111000110111111111011010,
0b0111000110100101001000110,
0b0111000110001010011000100,
0b0111000101101111101010110,
0b0111000101010100111111010,
0b0111000100111010010110011,
0b0111000100011111101111100,
0b0111000100000101001011010,
0b0111000011101010101001010,
0b0111000011010000001001011,
0b0111000010110101101100001,
0b0111000010011011010001001,
0b0111000010000000111000010,
0b0111000001100110100001111,
0b0111000001001100001101110,
0b0111000000110001111011111,
0b0111000000010111101100100,
0b0110111111111101011111010,
0b0110111111100011010100011,
0b0110111111001001001011101,
0b0110111110101111000101011,
0b0110111110010101000001011,
0b0110111101111010111111101,
0b0110111101100001000000001,
0b0110111101000111000010111,
0b0110111100101101001000001,
0b0110111100010011001111011,
0b0110111011111001011000111,
0b0110111011011111100100110,
0b0110111011000101110010110,
0b0110111010101100000011001,
0b0110111010010010010101110,
0b0110111001111000101010101,
0b0110111001011111000001101,
0b0110111001000101011011001,
0b0110111000101011110110011,
0b0110111000010010010100010,
0b0110110111111000110100001,
0b0110110111011111010110010,
0b0110110111000101111010111,
0b0110110110101100100001010,
0b0110110110010011001010000,
0b0110110101111001110101001,
0b0110110101100000100010001,
0b0110110101000111010001100,
0b0110110100101110000011010,
0b0110110100010100110110111,
0b0110110011111011101100110,
0b0110110011100010100101000,
0b0110110011001001011111001,
0b0110110010110000011011101,
0b0110110010010111011010010,
0b0110110001111110011011000,
0b0110110001100101011110000,
0b0110110001001100100010111,
0b0110110000110011101010001,
0b0110110000011010110011011,
0b0110110000000001111111000,
0b0110101111101001001100110,
0b0110101111010000011100010,
0b0110101110110111101110010,
0b0110101110011111000010001,
0b0110101110000110011000100,
0b0110101101101101110000101,
0b0110101101010101001011000,
0b0110101100111100100111101,
0b0110101100100100000110001,
0b0110101100001011100110111,
0b0110101011110011001001101,
0b0110101011011010101110011,
0b0110101011000010010101010,
0b0110101010101001111110100,
0b0110101010010001101001100,
0b0110101001111001010110110,
0b0110101001100001000110001,
0b0110101001001000110111010,
0b0110101000110000101010110,
0b0110101000011000100000010,
0b0110101000000000010111111,
0b0110100111101000010001100,
0b0110100111010000001101010,
0b0110100110111000001010111,
0b0110100110100000001010110,
0b0110100110001000001100100,
0b0110100101110000010000011,
0b0110100101011000010110010,
0b0110100101000000011110010,
0b0110100100101000101000000,
0b0110100100010000110100000,
0b0110100011111001000010000,
0b0110100011100001010010001,
0b0110100011001001100100000,
0b0110100010110001111000001,
0b0110100010011010001110000,
0b0110100010000010100110001,
0b0110100001101011000000001,
0b0110100001010011011100001,
0b0110100000111011111010001,
0b0110100000100100011010001,
0b0110100000001100111100010,
0b0110011111110101100000010,
0b0110011111011110000110001,
0b0110011111000110101110010,
0b0110011110101111011000000,
0b0110011110011000000011111,
0b0110011110000000110001110,
0b0110011101101001100001101,
0b0110011101010010010011011,
0b0110011100111011000111010,
0b0110011100100011111100111,
0b0110011100001100110100100,
0b0110011011110101101101111,
0b0110011011011110101001100,
0b0110011011000111100110111,
0b0110011010110000100110010,
0b0110011010011001100111101,
0b0110011010000010101010110,
0b0110011001101011101111111,
0b0110011001010100110111000,
0b0110011000111110000000001,
0b0110011000100111001010111,
0b0110011000010000010111110,
0b0110010111111001100110100,
0b0110010111100010110111001,
0b0110010111001100001001110,
0b0110010110110101011110000,
0b0110010110011110110100100,
0b0110010110001000001100110,
0b0110010101110001100110111,
0b0110010101011011000010110,
0b0110010101000100100000101,
0b0110010100101110000000011,
0b0110010100010111100010000,
0b0110010100000001000101100,
0b0110010011101010101011000,
0b0110010011010100010010001,
0b0110010010111101111011010,
0b0110010010100111100110010,
0b0110010010010001010011000,
0b0110010001111011000001101,
0b0110010001100100110010001,
0b0110010001001110100100100,
0b0110010000111000011000101,
0b0110010000100010001110110,
0b0110010000001100000110101,
0b0110001111110110000000011,
0b0110001111011111111011111,
0b0110001111001001111001010,
0b0110001110110011111000011,
0b0110001110011101111001011,
0b0110001110000111111100001,
0b0110001101110010000000111,
0b0110001101011100000111010,
0b0110001101000110001111100,
0b0110001100110000011001100,
0b0110001100011010100101010,
0b0110001100000100110011001,
0b0110001011101111000010100,
0b0110001011011001010011110,
0b0110001011000011100110101,
0b0110001010101101111011100,
0b0110001010011000010010000,
0b0110001010000010101010100,
0b0110001001101101000100101,
0b0110001001010111100000100,
0b0110001001000001111110010,
0b0110001000101100011101111,
0b0110001000010110111111000,
0b0110001000000001100010000,
0b0110000111101100000110110,
0b0110000111010110101101010,
0b0110000111000001010101100,
0b0110000110101011111111100,
0b0110000110010110101011010,
0b0110000110000001011000110,
0b0110000101101100001000000,
0b0110000101010110111001000,
0b0110000101000001101011110,
0b0110000100101100100000001,
0b0110000100010111010110100,
0b0110000100000010001110010,
0b0110000011101101000111110,
0b0110000011011000000011010,
0b0110000011000011000000010,
0b0110000010101101111111000,
0b0110000010011000111111100,
0b0110000010000100000001111,
0b0110000001101111000101101,
0b0110000001011010001011010,
0b0110000001000101010010100,
0b0110000000110000011011101,
0b0110000000011011100110010,
0b0110000000000110110010110,
0b0101111111110010000000111,
0b0101111111011101010000100,
0b0101111111001000100010000,
0b0101111110110011110101010,
0b0101111110011111001001111,
0b0101111110001010100000011,
0b0101111101110101111000100,
0b0101111101100001010010011,
0b0101111101001100101101110,
0b0101111100111000001011000,
0b0101111100100011101001110,
0b0101111100001111001010010,
0b0101111011111010101100011,
0b0101111011100110010000000,
0b0101111011010001110101011,
0b0101111010111101011100110,
0b0101111010101001000101011,
0b0101111010010100101111101,
0b0101111010000000011011101,
0b0101111001101100001001010,
0b0101111001010111111000100,
0b0101111001000011101001011,
0b0101111000101111011011111,
0b0101111000011011010000000,
0b0101111000000111000101111,
0b0101110111110010111101010,
0b0101110111011110110110001,
0b0101110111001010110000110,
0b0101110110110110101101000,
0b0101110110100010101010111,
0b0101110110001110101010011,
0b0101110101111010101011001,
0b0101110101100110101101111,
0b0101110101010010110010001,
0b0101110100111110111000000,
0b0101110100101010111111100,
0b0101110100010111001000011,
0b0101110100000011010011000,
0b0101110011101111011111010,
0b0101110011011011101100111,
0b0101110011000111111100010,
0b0101110010110100001101001,
0b0101110010100000011111110,
0b0101110010001100110011110,
0b0101110001111001001001010,
0b0101110001100101100000101,
0b0101110001010001111001011,
0b0101110000111110010011110,
0b0101110000101010101111011,
0b0101110000010111001100111,
0b0101110000000011101011111,
0b0101101111110000001100011,
0b0101101111011100101110101,
0b0101101111001001010010001,
0b0101101110110101110111010,
0b0101101110100010011110000,
0b0101101110001111000110010,
0b0101101101111011110000001,
0b0101101101101000011011011,
0b0101101101010101001000001,
0b0101101101000001110110100,
0b0101101100101110100110011,
0b0101101100011011010111111,
0b0101101100001000001010111,
0b0101101011110100111111010,
0b0101101011100001110101010,
0b0101101011001110101100110,
0b0101101010111011100101110,
0b0101101010101000100000001,
0b0101101010010101011100011,
0b0101101010000010011001111,
0b0101101001101111011000101,
0b0101101001011100011001010,
0b0101101001001001011011010,
0b0101101000110110011110110,
0b0101101000100011100011110,
0b0101101000010000101010001,
0b0101100111111101110010010,
0b0101100111101010111011110,
0b0101100111011000000110100,
0b0101100111000101010010110,
0b0101100110110010100000111,
0b0101100110011111110000001,
0b0101100110001101000001000,
0b0101100101111010010011010,
0b0101100101100111100110111,
0b0101100101010100111100010,
0b0101100101000010010010111,
0b0101100100101111101011000,
0b0101100100011101000100100,
0b0101100100001010011111101,
0b0101100011110111111100001,
0b0101100011100101011010000,
0b0101100011010010111001011,
0b0101100011000000011010011,
0b0101100010101101111100101,
0b0101100010011011100000011,
0b0101100010001001000101011,
0b0101100001110110101100000,
0b0101100001100100010100001,
0b0101100001010001111101100,
0b0101100000111111101000100,
0b0101100000101101010100101,
0b0101100000011011000010011,
0b0101100000001000110001101,
0b0101011111110110100010010,
0b0101011111100100010100010,
0b0101011111010010000111101,
0b0101011110111111111100011,
0b0101011110101101110010110,
0b0101011110011011101010011,
0b0101011110001001100011011,
0b0101011101110111011101111,
0b0101011101100101011001101,
0b0101011101010011010110111,
0b0101011101000001010101011,
0b0101011100101111010101100,
0b0101011100011101010111000,
0b0101011100001011011001111,
0b0101011011111001011110000,
0b0101011011100111100011101,
0b0101011011010101101010100,
0b0101011011000011110010111,
0b0101011010110001111100100,
0b0101011010100000000111110,
0b0101011010001110010100001,
0b0101011001111100100010000,
0b0101011001101010110001010,
0b0101011001011001000010000,
0b0101011001000111010011111,
0b0101011000110101100111001,
0b0101011000100011111011111,
0b0101011000010010010001111,
0b0101011000000000101001011,
0b0101010111101111000010001,
0b0101010111011101011100001,
0b0101010111001011110111100,
0b0101010110111010010100011,
0b0101010110101000110010100,
0b0101010110010111010010000,
0b0101010110000101110010110,
0b0101010101110100010101000,
0b0101010101100010111000100,
0b0101010101010001011101010,
0b0101010101000000000011100,
0b0101010100101110101010111,
0b0101010100011101010011111,
0b0101010100001011111110000,
0b0101010011111010101001100,
0b0101010011101001010110010,
0b0101010011011000000100011,
0b0101010011000110110011110,
0b0101010010110101100100101,
0b0101010010100100010110110,
0b0101010010010011001010001,
0b0101010010000001111110110,
0b0101010001110000110100111,
0b0101010001011111101100001,
0b0101010001001110100100110,
0b0101010000111101011110100,
0b0101010000101100011001110,
0b0101010000011011010110010,
0b0101010000001010010100000,
0b0101001111111001010011010,
0b0101001111101000010011101,
0b0101001111010111010101011,
0b0101001111000110011000010,
0b0101001110110101011100101,
0b0101001110100100100010000,
0b0101001110010011101000110,
0b0101001110000010110001000,
0b0101001101110001111010011,
0b0101001101100001000101000,
0b0101001101010000010000110,
0b0101001100111111011110000,
0b0101001100101110101100101,
0b0101001100011101111100010,
0b0101001100001101001101010,
0b0101001011111100011111101,
0b0101001011101011110010111,
0b0101001011011011000111111,
0b0101001011001010011101111,
0b0101001010111001110101000,
0b0101001010101001001101101,
0b0101001010011000100111100,
0b0101001010001000000010100,
0b0101001001110111011110111,
0b0101001001100110111100010,
0b0101001001010110011011000,
0b0101001001000101111011001,
0b0101001000110101011100010,
0b0101001000100100111110111,
0b0101001000010100100010101,
0b0101001000000100000111101,
0b0101000111110011101101110,
0b0101000111100011010101001,
0b0101000111010010111101110,
0b0101000111000010100111101,
0b0101000110110010010010111,
0b0101000110100001111111000,
0b0101000110010001101100110,
0b0101000110000001011011011,
0b0101000101110001001011011,
0b0101000101100000111100101,
0b0101000101010000101111001,
0b0101000101000000100010100,
0b0101000100110000010111011,
0b0101000100100000001101011,
0b0101000100010000000100101,
0b0101000011111111111101001,
0b0101000011101111110110110,
0b0101000011011111110001101,
0b0101000011001111101101101,
0b0101000010111111101010110,
0b0101000010101111101001011,
0b0101000010011111101001000,
0b0101000010001111101001111,
0b0101000001111111101011110,
0b0101000001101111101111000,
0b0101000001011111110011011,
0b0101000001001111111000111,
0b0101000000111111111111101,
0b0101000000110000000111100,
0b0101000000100000010000101,
0b0101000000010000011010111,
0b0101000000000000100110011,
0b0100111111110000110011000,
0b0100111111100001000000101,
0b0100111111010001001111101,
0b0100111111000001011111111,
0b0100111110110001110001000,
0b0100111110100010000011100,
0b0100111110010010010111001,
0b0100111110000010101100000,
0b0100111101110011000001111,
0b0100111101100011011000111,
0b0100111101010011110001001,
0b0100111101000100001010100,
0b0100111100110100100101000,
0b0100111100100101000000110,
0b0100111100010101011101101,
0b0100111100000101111011100,
0b0100111011110110011010110,
0b0100111011100110111010111,
0b0100111011010111011100010,
0b0100111011000111111110110,
0b0100111010111000100010100,
0b0100111010101001000111011,
0b0100111010011001101101011,
0b0100111010001010010100011,
0b0100111001111010111100100,
0b0100111001101011100110000,
0b0100111001011100010000011,
0b0100111001001100111100000,
0b0100111000111101101000101,
0b0100111000101110010110100,
0b0100111000011111000101011,
0b0100111000001111110101100,
0b0100111000000000100110101,
0b0100110111110001011001000,
0b0100110111100010001100010,
0b0100110111010011000000111,
0b0100110111000011110110100,
0b0100110110110100101101010,
0b0100110110100101100101001,
0b0100110110010110011110000,
0b0100110110000111011000000,
0b0100110101111000010011001,
0b0100110101101001001111011,
0b0100110101011010001100111,
0b0100110101001011001011010,
0b0100110100111100001010110,
0b0100110100101101001011011,
0b0100110100011110001101001,
0b0100110100001111001111111,
0b0100110100000000010011110,
0b0100110011110001011000110,
0b0100110011100010011110110,
0b0100110011010011100101111,
0b0100110011000100101110001,
0b0100110010110101110111100,
0b0100110010100111000001110,
0b0100110010011000001101011,
0b0100110010001001011001110,
0b0100110001111010100111100,
0b0100110001101011110110001,
0b0100110001011101000101111,
0b0100110001001110010110110,
0b0100110000111111101000101,
0b0100110000110000111011100,
0b0100110000100010001111011,
0b0100110000010011100100101,
0b0100110000000100111010110,
0b0100101111110110010001111,
0b0100101111100111101010000,
0b0100101111011001000011011,
0b0100101111001010011101110,
0b0100101110111011111001001,
0b0100101110101101010101101,
0b0100101110011110110011000,
0b0100101110010000010001100,
0b0100101110000001110001001,
0b0100101101110011010001111,
0b0100101101100100110011101,
0b0100101101010110010110010,
0b0100101101000111111001111,
0b0100101100111001011110110,
0b0100101100101011000100110,
0b0100101100011100101011100,
0b0100101100001110010011011,
0b0100101011111111111100011,
0b0100101011110001100110010,
0b0100101011100011010001011,
0b0100101011010100111101011,
0b0100101011000110101010010,
0b0100101010111000011000011,
0b0100101010101010000111100,
0b0100101010011011110111100,
0b0100101010001101101000101,
0b0100101001111111011011000,
0b0100101001110001001101111,
0b0100101001100011000010010,
0b0100101001010100110111011,
0b0100101001000110101101100,
0b0100101000111000100100111,
0b0100101000101010011101000,
0b0100101000011100010110001,
0b0100101000001110010000100,
0b0100101000000000001011101,
0b0100100111110010001000000,
0b0100100111100100000101001,
0b0100100111010110000011100,
0b0100100111001000000010101,
0b0100100110111010000010111,
0b0100100110101100000100001,
0b0100100110011110000110011,
0b0100100110010000001001101,
0b0100100110000010001101111,
0b0100100101110100010011000,
0b0100100101100110011001010,
0b0100100101011000100000011,
0b0100100101001010101000011,
0b0100100100111100110001100,
0b0100100100101110111011110,
0b0100100100100001000110111,
0b0100100100010011010010111,
0b0100100100000101100000000,
0b0100100011110111101110001,
0b0100100011101001111101000,
0b0100100011011100001101001,
0b0100100011001110011101111,
0b0100100011000000101111111,
0b0100100010110011000010111,
0b0100100010100101010110110,
0b0100100010010111101011100,
0b0100100010001010000001010,
0b0100100001111100011000000,
0b0100100001101110101111110,
0b0100100001100001001000100,
0b0100100001010011100010000,
0b0100100001000101111100101,
0b0100100000111000011000010,
0b0100100000101010110100110,
0b0100100000011101010010010,
0b0100100000001111110000101,
0b0100100000000010010000000,
0b0100011111110100110000010,
0b0100011111100111010001101,
0b0100011111011001110011111,
0b0100011111001100010111000,
0b0100011110111110111011000,
0b0100011110110001100000000,
0b0100011110100100000110001,
0b0100011110010110101101000,
0b0100011110001001010100111,
0b0100011101111011111101110,
0b0100011101101110100111011,
0b0100011101100001010010000,
0b0100011101010011111101110,
0b0100011101000110101010001,
0b0100011100111001010111101,
0b0100011100101100000110001,
0b0100011100011110110101011,
0b0100011100010001100101101,
0b0100011100000100010110110,
0b0100011011110111001000111,
0b0100011011101001111100000,
0b0100011011011100101111111,
0b0100011011001111100100110,
0b0100011011000010011010100,
0b0100011010110101010001001,
0b0100011010101000001000111,
0b0100011010011011000001010,
0b0100011010001101111010110,
0b0100011010000000110101000,
0b0100011001110011110000011,
0b0100011001100110101100100,
0b0100011001011001101001100,
0b0100011001001100100111101,
0b0100011000111111100110100,
0b0100011000110010100110010,
0b0100011000100101100111000,
0b0100011000011000101000100,
0b0100011000001011101010111,
0b0100010111111110101110011,
0b0100010111110001110010101,
0b0100010111100100110111111,
0b0100010111010111111110000,
0b0100010111001011000100111,
0b0100010110111110001100110,
0b0100010110110001010101100,
0b0100010110100100011111001,
0b0100010110010111101001110,
0b0100010110001010110101001,
0b0100010101111110000001011,
0b0100010101110001001110101,
0b0100010101100100011100101,
0b0100010101010111101011100,
0b0100010101001010111011011,
0b0100010100111110001100001,
0b0100010100110001011101110,
0b0100010100100100110000001,
0b0100010100011000000011101,
0b0100010100001011010111110,
0b0100010011111110101100111,
0b0100010011110010000010111,
0b0100010011100101011001101,
0b0100010011011000110001011,
0b0100010011001100001001110,
0b0100010010111111100011011,
0b0100010010110010111101101,
0b0100010010100110011000110,
0b0100010010011001110100110,
0b0100010010001101010001110,
0b0100010010000000101111100,
0b0100010001110100001110000,
0b0100010001100111101101101,
0b0100010001011011001101110,
0b0100010001001110101111000,
0b0100010001000010010001000,
0b0100010000110101110011111,
0b0100010000101001010111101,
0b0100010000011100111100010,
0b0100010000010000100001110,
0b0100010000000100001000000,
0b0100001111110111101111010,
0b0100001111101011010111000,
0b0100001111011110111111111,
0b0100001111010010101001101,
0b0100001111000110010100001,
0b0100001110111001111111100,
0b0100001110101101101011110,
0b0100001110100001011000110,
0b0100001110010101000110100,
0b0100001110001000110101010,
0b0100001101111100100100101,
0b0100001101110000010101001,
0b0100001101100100000110010,
0b0100001101010111111000011,
0b0100001101001011101011001,
0b0100001100111111011110111,
0b0100001100110011010011100,
0b0100001100100111001000110,
0b0100001100011010111111000,
0b0100001100001110110110000,
0b0100001100000010101101111,
0b0100001011110110100110011,
0b0100001011101010011111111,
0b0100001011011110011010001,
0b0100001011010010010101010,
0b0100001011000110010001010,
0b0100001010111010001110000,
0b0100001010101110001011100,
0b0100001010100010001001111,
0b0100001010010110001001001,
0b0100001010001010001001001,
0b0100001001111110001001111,
0b0100001001110010001011100,
0b0100001001100110001110000,
0b0100001001011010010001010,
0b0100001001001110010101010,
0b0100001001000010011001111,
0b0100001000110110011111101,
0b0100001000101010100110001,
0b0100001000011110101101011,
0b0100001000010010110101011,
0b0100001000000110111110011,
0b0100000111111011000111111,
0b0100000111101111010010011,
0b0100000111100011011101101,
0b0100000111010111101001100,
0b0100000111001011110110100,
0b0100000111000000000100000,
0b0100000110110100010010100,
0b0100000110101000100001101,
0b0100000110011100110001110,
0b0100000110010001000010100,
0b0100000110000101010100000,
0b0100000101111001100110011,
0b0100000101101101111001100,
0b0100000101100010001101011,
0b0100000101010110100010001,
0b0100000101001010110111101,
0b0100000100111111001110000,
0b0100000100110011100100111,
0b0100000100100111111100110,
0b0100000100011100010101011,
0b0100000100010000101110110,
0b0100000100000101001000111,
0b0100000011111001100011111,
0b0100000011101101111111100,
0b0100000011100010011100000,
0b0100000011010110111001010,
0b0100000011001011010111011,
0b0100000010111111110110000,
0b0100000010110100010101101,
0b0100000010101000110101111,
0b0100000010011101010111000,
0b0100000010010001111000110,
0b0100000010000110011011011,
0b0100000001111010111110110,
0b0100000001101111100011000,
0b0100000001100100000111110,
0b0100000001011000101101101,
0b0100000001001101010011111,
0b0100000001000001111011001,
0b0100000000110110100011000,
0b0100000000101011001011110,
0b0100000000011111110101010,
0b0100000000010100011111011,
0b0100000000001001001010010,
0b0011111111111101110101111,
0b0011111111110010100010011,
0b0011111111100111001111100,
0b0011111111011011111101100,
0b0011111111010000101100001,
0b0011111111000101011011100,
0b0011111110111010001011110,
0b0011111110101110111100101,
0b0011111110100011101110011,
0b0011111110011000100000110,
0b0011111110001101010100000,
0b0011111110000010000111111,
0b0011111101110110111100100,
0b0011111101101011110001110,
0b0011111101100000100111111,
0b0011111101010101011110110,
0b0011111101001010010110010,
0b0011111100111111001110101,
0b0011111100110100000111100,
0b0011111100101001000001011,
0b0011111100011101111011111,
0b0011111100010010110111001,
0b0011111100000111110011001,
0b0011111011111100101111110,
0b0011111011110001101101001,
0b0011111011100110101011010,
0b0011111011011011101010001,
0b0011111011010000101001101,
0b0011111011000101101001111,
0b0011111010111010101010111,
0b0011111010101111101100110,
0b0011111010100100101111010,
0b0011111010011001110010011,
0b0011111010001110110110011,
0b0011111010000011111010111,
0b0011111001111001000000010,
0b0011111001101110000110010,
0b0011111001100011001101001,
0b0011111001011000010100100,
0b0011111001001101011100110,
0b0011111001000010100101101,
0b0011111000110111101111001,
0b0011111000101100111001100,
0b0011111000100010000100100,
0b0011111000010111010000010,
0b0011111000001100011100101,
0b0011111000000001101001110,
0b0011110111110110110111101,
0b0011110111101100000110010,
0b0011110111100001010101011,
0b0011110111010110100101011,
0b0011110111001011110110000,
0b0011110111000001000111010,
0b0011110110110110011001011,
0b0011110110101011101100001,
0b0011110110100000111111101,
0b0011110110010110010011110,
0b0011110110001011101000100,
0b0011110110000000111110001,
0b0011110101110110010100010,
0b0011110101101011101011010,
0b0011110101100001000010110,
0b0011110101010110011011000,
0b0011110101001011110100001,
0b0011110101000001001101101,
0b0011110100110110101000000,
0b0011110100101100000011001,
0b0011110100100001011110110,
0b0011110100010110111011010,
0b0011110100001100011000011,
0b0011110100000001110110001,
0b0011110011110111010100101,
0b0011110011101100110011101,
0b0011110011100010010011011,
0b0011110011010111110100000,
0b0011110011001101010101010,
0b0011110011000010110111001,
0b0011110010111000011001100,
0b0011110010101101111100110,
0b0011110010100011100000101,
0b0011110010011001000101010,
0b0011110010001110101010100,
0b0011110010000100010000010,
0b0011110001111001110110110,
0b0011110001101111011110000,
0b0011110001100101000110000,
0b0011110001011010101110101,
0b0011110001010000010111110,
0b0011110001000110000001110,
0b0011110000111011101100001,
0b0011110000110001010111100,
0b0011110000100111000011011,
0b0011110000011100101111111,
0b0011110000010010011101001,
0b0011110000001000001011000,
0b0011101111111101111001100,
0b0011101111110011101000110,
0b0011101111101001011000100,
0b0011101111011111001001000,
0b0011101111010100111010011,
0b0011101111001010101100001,
0b0011101111000000011110100,
0b0011101110110110010001110,
0b0011101110101100000101100,
0b0011101110100001111010000,
0b0011101110010111101111000,
0b0011101110001101100100111,
0b0011101110000011011011010,
0b0011101101111001010010010,
0b0011101101101111001001111,
0b0011101101100101000010001,
0b0011101101011010111011001,
0b0011101101010000110100111,
0b0011101101000110101111001,
0b0011101100111100101010000,
0b0011101100110010100101101,
0b0011101100101000100001101,
0b0011101100011110011110100,
0b0011101100010100011100000,
0b0011101100001010011010001,
0b0011101100000000011000111,
0b0011101011110110011000010,
0b0011101011101100011000011,
0b0011101011100010011001000,
0b0011101011011000011010010,
0b0011101011001110011100010,
0b0011101011000100011110110,
0b0011101010111010100001111,
0b0011101010110000100101110,
0b0011101010100110101010010,
0b0011101010011100101111011,
0b0011101010010010110101001,
0b0011101010001000111011011,
0b0011101001111111000010011,
0b0011101001110101001010000,
0b0011101001101011010010010,
0b0011101001100001011011000,
0b0011101001010111100100100,
0b0011101001001101101110101,
0b0011101001000011111001011,
0b0011101000111010000100101,
0b0011101000110000010000101,
0b0011101000100110011101010,
0b0011101000011100101010100,
0b0011101000010010111000010,
0b0011101000001001000110101,
0b0011100111111111010101110,
0b0011100111110101100101100,
0b0011100111101011110101110,
0b0011100111100010000110101,
0b0011100111011000011000000,
0b0011100111001110101010011,
0b0011100111000100111101000,
0b0011100110111011010000011,
0b0011100110110001100100010,
0b0011100110100111111000110,
0b0011100110011110001110001,
0b0011100110010100100011110,
0b0011100110001010111010001,
0b0011100110000001010001010,
0b0011100101110111101000111,
0b0011100101101110000001000,
0b0011100101100100011001111,
0b0011100101011010110011010,
0b0011100101010001001101010,
0b0011100101000111100111111,
0b0011100100111110000011000,
0b0011100100110100011110111,
0b0011100100101010111011011,
0b0011100100100001011000011,
0b0011100100010111110101111,
0b0011100100001110010100010,
0b0011100100000100110011000,
0b0011100011111011010010011,
0b0011100011110001110010100,
0b0011100011101000010011000,
0b0011100011011110110100010,
0b0011100011010101010110000,
0b0011100011001011111000011,
0b0011100011000010011011010,
0b0011100010111000111110111,
0b0011100010101111100011000,
0b0011100010100110000111110,
0b0011100010011100101101001,
0b0011100010010011010011000,
0b0011100010001001111001100,
0b0011100010000000100000100,
0b0011100001110111001000010,
0b0011100001101101110000011,
0b0011100001100100011001010,
0b0011100001011011000010101,
0b0011100001010001101100101,
0b0011100001001000010111001,
0b0011100000111111000010011,
0b0011100000110101101110000,
0b0011100000101100011010011,
0b0011100000100011000111010,
0b0011100000011001110100110,
0b0011100000010000100010110,
0b0011100000000111010001010,
0b0011011111111110000000101,
0b0011011111110100110000010,
0b0011011111101011100000101,
0b0011011111100010010001101,
0b0011011111011001000011000,
0b0011011111001111110101001,
0b0011011111000110100111101,
0b0011011110111101011010111,
0b0011011110110100001110110,
0b0011011110101011000011000,
0b0011011110100001110111111,
0b0011011110011000101101011,
0b0011011110001111100011011,
0b0011011110000110011010000,
0b0011011101111101010001000,
0b0011011101110100001000110,
0b0011011101101011000001000,
0b0011011101100001111010000,
0b0011011101011000110011010,
0b0011011101001111101101010,
0b0011011101000110101000000,
0b0011011100111101100011000,
0b0011011100110100011110101,
0b0011011100101011011010111,
0b0011011100100010010111101,
0b0011011100011001010101000,
0b0011011100010000010010110,
0b0011011100000111010001001,
0b0011011011111110010000010,
0b0011011011110101001111101,
0b0011011011101100001111110,
0b0011011011100011010000011,
0b0011011011011010010001110,
0b0011011011010001010011011,
0b0011011011001000010101110,
0b0011011010111111011000101,
0b0011011010110110011011111,
0b0011011010101101100000000,
0b0011011010100100100100011,
0b0011011010011011101001011,
0b0011011010010010101111001,
0b0011011010001001110101001,
0b0011011010000000111011111,
0b0011011001111000000011001,
0b0011011001101111001010111,
0b0011011001100110010011001,
0b0011011001011101011100000,
0b0011011001010100100101010,
0b0011011001001011101111010,
0b0011011001000010111001101,
0b0011011000111010000100110,
0b0011011000110001010000010,
0b0011011000101000011100011,
0b0011011000011111101001000,
0b0011011000010110110110001,
0b0011011000001110000011111,
0b0011011000000101010010000,
0b0011010111111100100000110,
0b0011010111110011110000001,
0b0011010111101010111111111,
0b0011010111100010010000011,
0b0011010111011001100001001,
0b0011010111010000110010101,
0b0011010111001000000100101,
0b0011010110111111010111001,
0b0011010110110110101010000,
0b0011010110101101111101100,
0b0011010110100101010001101,
0b0011010110011100100110010,
0b0011010110010011111011011,
0b0011010110001011010001000,
0b0011010110000010100111001,
0b0011010101111001111101110,
0b0011010101110001010101001,
0b0011010101101000101100111,
0b0011010101100000000101001,
0b0011010101010111011101111,
0b0011010101001110110111010,
0b0011010101000110010001000,
0b0011010100111101101011011,
0b0011010100110101000110011,
0b0011010100101100100001101,
0b0011010100100011111101100,
0b0011010100011011011001111,
0b0011010100010010110111000,
0b0011010100001010010100011,
0b0011010100000001110010010,
0b0011010011111001010000110,
0b0011010011110000101111111,
0b0011010011101000001111011,
0b0011010011011111101111011,
0b0011010011010111001111111,
0b0011010011001110110000111,
0b0011010011000110010010011,
0b0011010010111101110100100,
0b0011010010110101010111000,
0b0011010010101100111010001,
0b0011010010100100011101110,
0b0011010010011100000001111,
0b0011010010010011100110100,
0b0011010010001011001011100,
0b0011010010000010110001001,
0b0011010001111010010111011,
0b0011010001110001111101111,
0b0011010001101001100101001,
0b0011010001100001001100101,
0b0011010001011000110100110,
0b0011010001010000011101100,
0b0011010001001000000110101,
0b0011010000111111110000010,
0b0011010000110111011010011,
0b0011010000101111000101000,
0b0011010000100110110000010,
0b0011010000011110011011110,
0b0011010000010110000111111,
0b0011010000001101110100101,
0b0011010000000101100001101,
0b0011001111111101001111010,
0b0011001111110100111101011,
0b0011001111101100101100001,
0b0011001111100100011011000,
0b0011001111011100001010101,
0b0011001111010011111010110,
0b0011001111001011101011010,
0b0011001111000011011100100,
0b0011001110111011001110000,
0b0011001110110011000000001,
0b0011001110101010110010101,
0b0011001110100010100101110,
0b0011001110011010011001001,
0b0011001110010010001101001,
0b0011001110001010000001101,
0b0011001110000001110110101,
0b0011001101111001101100001,
0b0011001101110001100010000,
0b0011001101101001011000100,
0b0011001101100001001111011,
0b0011001101011001000110110,
0b0011001101010000111110101,
0b0011001101001000110111000,
0b0011001101000000101111111,
0b0011001100111000101001010,
0b0011001100110000100011000,
0b0011001100101000011101010,
0b0011001100100000011000000,
0b0011001100011000010011010,
0b0011001100010000001111000,
0b0011001100001000001011010,
0b0011001100000000001000000,
0b0011001011111000000101001,
0b0011001011110000000010110,
0b0011001011101000000000111,
0b0011001011011111111111011,
0b0011001011010111111110100,
0b0011001011001111111110000,
0b0011001011000111111110000,
0b0011001010111111111110100,
0b0011001010110111111111011,
0b0011001010110000000000111,
0b0011001010101000000010110,
0b0011001010100000000101001,
0b0011001010011000000111111,
0b0011001010010000001011010,
0b0011001010001000001111000,
0b0011001010000000010011010,
0b0011001001111000010111111,
0b0011001001110000011101001,
0b0011001001101000100010101,
0b0011001001100000101000110,
0b0011001001011000101111010,
0b0011001001010000110110011,
0b0011001001001000111101111,
0b0011001001000001000101110,
0b0011001000111001001110001,
0b0011001000110001010111001,
0b0011001000101001100000011,
0b0011001000100001101010010,
0b0011001000011001110100100,
0b0011001000010001111111001,
0b0011001000001010001010011,
0b0011001000000010010110000,
0b0011000111111010100010000,
0b0011000111110010101110101,
0b0011000111101010111011101,
0b0011000111100011001001000,
0b0011000111011011010111001,
0b0011000111010011100101100,
0b0011000111001011110100010,
0b0011000111000100000011100,
0b0011000110111100010011010,
0b0011000110110100100011100,
0b0011000110101100110100000,
0b0011000110100101000101001,
0b0011000110011101010110110,
0b0011000110010101101000110,
0b0011000110001101111011001,
0b0011000110000110001110001,
0b0011000101111110100001011,
0b0011000101110110110101001,
0b0011000101101111001001100,
0b0011000101100111011110001,
0b0011000101011111110011010,
0b0011000101011000001000111,
0b0011000101010000011110111,
0b0011000101001000110101011,
0b0011000101000001001100001,
0b0011000100111001100011101,
0b0011000100110001111011100,
0b0011000100101010010011101,
0b0011000100100010101100010,
0b0011000100011011000101100,
0b0011000100010011011111000,
0b0011000100001011111001000,
0b0011000100000100010011100,
0b0011000011111100101110011,
0b0011000011110101001001110,
0b0011000011101101100101100,
0b0011000011100110000001110,
0b0011000011011110011110011,
0b0011000011010110111011100,
0b0011000011001111011001000,
0b0011000011000111110111000,
0b0011000011000000010101011,
0b0011000010111000110100010,
0b0011000010110001010011011,
0b0011000010101001110011001,
0b0011000010100010010011001,
0b0011000010011010110011111,
0b0011000010010011010100110,
0b0011000010001011110110010,
0b0011000010000100011000001,
0b0011000001111100111010011,
0b0011000001110101011101001,
0b0011000001101110000000010,
0b0011000001100110100011111,
0b0011000001011111000111111,
0b0011000001010111101100010,
0b0011000001010000010001001,
0b0011000001001000110110100,
0b0011000001000001011100010,
0b0011000000111010000010010,
0b0011000000110010101001000,
0b0011000000101011001111111,
0b0011000000100011110111011,
0b0011000000011100011111010,
0b0011000000010101000111100,
0b0011000000001101110000001,
0b0011000000000110011001010,
0b0010111111111111000010110,
0b0010111111110111101100110,
0b0010111111110000010111001,
0b0010111111101001000010000,
0b0010111111100001101101010,
0b0010111111011010011000110,
0b0010111111010011000101000,
0b0010111111001011110001011,
0b0010111111000100011110011,
0b0010111110111101001011110,
0b0010111110110101111001011,
0b0010111110101110100111101,
0b0010111110100111010110001,
0b0010111110100000000101001,
0b0010111110011000110100100,
0b0010111110010001100100011,
0b0010111110001010010100100,
0b0010111110000011000101001,
0b0010111101111011110110010,
0b0010111101110100100111101,
0b0010111101101101011001100,
0b0010111101100110001011111,
0b0010111101011110111110100,
0b0010111101010111110001101,
0b0010111101010000100101010,
0b0010111101001001011001001,
0b0010111101000010001101101,
0b0010111100111011000010010,
0b0010111100110011110111011,
0b0010111100101100101101000,
0b0010111100100101100011000,
0b0010111100011110011001011,
0b0010111100010111010000001,
0b0010111100010000000111011,
0b0010111100001000111110111,
0b0010111100000001110111000,
0b0010111011111010101111100,
0b0010111011110011101000010,
0b0010111011101100100001100,
0b0010111011100101011011000,
0b0010111011011110010101001,
0b0010111011010111001111100,
0b0010111011010000001010010,
0b0010111011001001000101100,
0b0010111011000010000001010,
0b0010111010111010111101010,
0b0010111010110011111001101,
0b0010111010101100110110100,
0b0010111010100101110011110,
0b0010111010011110110001011,
0b0010111010010111101111100,
0b0010111010010000101101110,
0b0010111010001001101100101,
0b0010111010000010101100000,
0b0010111001111011101011100,
0b0010111001110100101011100,
0b0010111001101101101011111,
0b0010111001100110101100110,
0b0010111001011111101101111,
0b0010111001011000101111100,
0b0010111001010001110001100,
0b0010111001001010110011111,
0b0010111001000011110110101,
0b0010111000111100111001110,
0b0010111000110101111101011,
0b0010111000101111000001010,
0b0010111000101000000101101,
0b0010111000100001001010011,
0b0010111000011010001111100,
0b0010111000010011010101000,
0b0010111000001100011010111,
0b0010111000000101100001001,
0b0010110111111110100111110,
0b0010110111110111101110111,
0b0010110111110000110110011,
0b0010110111101001111110001,
0b0010110111100011000110011,
0b0010110111011100001111000,
0b0010110111010101010111111,
0b0010110111001110100001010,
0b0010110111000111101011000,
0b0010110111000000110101001,
0b0010110110111001111111110,
0b0010110110110011001010101,
0b0010110110101100010101111,
0b0010110110100101100001101,
0b0010110110011110101101100,
0b0010110110010111111010001,
0b0010110110010001000110110,
0b0010110110001010010100000,
0b0010110110000011100001101,
0b0010110101111100101111100,
0b0010110101110101111101111,
0b0010110101101111001100101,
0b0010110101101000011011101,
0b0010110101100001101011001,
0b0010110101011010111010111,
0b0010110101010100001011010,
0b0010110101001101011011110,
0b0010110101000110101100110,
0b0010110100111111111110001,
0b0010110100111001001111111,
0b0010110100110010100001111,
0b0010110100101011110100100,
0b0010110100100101000111001,
0b0010110100011110011010100,
0b0010110100010111101110000,
0b0010110100010001000010000,
0b0010110100001010010110011,
0b0010110100000011101011000,
0b0010110011111101000000001,
0b0010110011110110010101101,
0b0010110011101111101011011,
0b0010110011101001000001101,
0b0010110011100010011000001,
0b0010110011011011101111000,
0b0010110011010101000110010,
0b0010110011001110011110000,
0b0010110011000111110110000,
0b0010110011000001001110011,
0b0010110010111010100111010,
0b0010110010110100000000011,
0b0010110010101101011001111,
0b0010110010100110110011101,
0b0010110010100000001101111,
0b0010110010011001101000100,
0b0010110010010011000011011,
0b0010110010001100011110101,
0b0010110010000101111010011,
0b0010110001111111010110011,
0b0010110001111000110010110,
0b0010110001110010001111101,
0b0010110001101011101100110,
0b0010110001100101001010010,
0b0010110001011110101000001,
0b0010110001011000000110010,
0b0010110001010001100100111,
0b0010110001001011000011110,
0b0010110001000100100011000,
0b0010110000111110000010110,
0b0010110000110111100010110,
0b0010110000110001000011001,
0b0010110000101010100011111,
0b0010110000100100000101000,
0b0010110000011101100110011,
0b0010110000010111001000001,
0b0010110000010000101010010,
0b0010110000001010001100111,
0b0010110000000011101111101,
0b0010101111111101010010111,
0b0010101111110110110110011,
0b0010101111110000011010010,
0b0010101111101001111110101,
0b0010101111100011100011010,
0b0010101111011101001000010,
0b0010101111010110101101101,
0b0010101111010000010011010,
0b0010101111001001111001011,
0b0010101111000011011111110,
0b0010101110111101000110100,
0b0010101110110110101101100,
0b0010101110110000010100111,
0b0010101110101001111100110,
0b0010101110100011100101000,
0b0010101110011101001101011,
0b0010101110010110110110010,
0b0010101110010000011111011,
0b0010101110001010001001000,
0b0010101110000011110010111,
0b0010101101111101011101001,
0b0010101101110111000111101,
0b0010101101110000110010100,
0b0010101101101010011101111,
0b0010101101100100001001011,
0b0010101101011101110101011,
0b0010101101010111100001101,
0b0010101101010001001110010,
0b0010101101001010111011010,
0b0010101101000100101000100,
0b0010101100111110010110010,
0b0010101100111000000100010,
0b0010101100110001110010101,
0b0010101100101011100001010,
0b0010101100100101010000011,
0b0010101100011110111111110,
0b0010101100011000101111100,
0b0010101100010010011111100,
0b0010101100001100010000000,
0b0010101100000110000000101,
0b0010101011111111110001110,
0b0010101011111001100011001,
0b0010101011110011010100111,
0b0010101011101101000111000,
0b0010101011100110111001011,
0b0010101011100000101100001,
0b0010101011011010011111010,
0b0010101011010100010010110,
0b0010101011001110000110100,
0b0010101011000111111010101,
0b0010101011000001101111001,
0b0010101010111011100011111,
0b0010101010110101011001000,
0b0010101010101111001110011,
0b0010101010101001000100001,
0b0010101010100010111010011,
0b0010101010011100110000110,
0b0010101010010110100111101,
0b0010101010010000011110110,
0b0010101010001010010110000,
0b0010101010000100001101110,
0b0010101001111110000110000,
0b0010101001110111111110011,
0b0010101001110001110111001,
0b0010101001101011110000010,
0b0010101001100101101001101,
0b0010101001011111100011100,
0b0010101001011001011101101,
0b0010101001010011011000000,
0b0010101001001101010010110,
0b0010101001000111001101110,
0b0010101001000001001001001,
0b0010101000111011000100111,
0b0010101000110101000001000,
0b0010101000101110111101010,
0b0010101000101000111010000,
0b0010101000100010110111001,
0b0010101000011100110100011,
0b0010101000010110110010000,
0b0010101000010000110000000,
0b0010101000001010101110011,
0b0010101000000100101101000,
0b0010100111111110101100001,
0b0010100111111000101011011,
0b0010100111110010101010111,
0b0010100111101100101010111,
0b0010100111100110101011001,
0b0010100111100000101011110,
0b0010100111011010101100110,
0b0010100111010100101101111,
0b0010100111001110101111011,
0b0010100111001000110001010,
0b0010100111000010110011100,
0b0010100110111100110110000,
0b0010100110110110111000110,
0b0010100110110000111011111,
0b0010100110101010111111011,
0b0010100110100101000011001,
0b0010100110011111000111010,
0b0010100110011001001011101,
0b0010100110010011010000011,
0b0010100110001101010101100,
0b0010100110000111011010110,
0b0010100110000001100000100,
0b0010100101111011100110011,
0b0010100101110101101100110,
0b0010100101101111110011100,
0b0010100101101001111010010,
0b0010100101100100000001101,
0b0010100101011110001001001,
0b0010100101011000010001001,
0b0010100101010010011001010,
0b0010100101001100100001110,
0b0010100101000110101010101,
0b0010100101000000110011110,
0b0010100100111010111101010,
0b0010100100110101000111000,
0b0010100100101111010001000,
0b0010100100101001011011011,
0b0010100100100011100110000,
0b0010100100011101110001000,
0b0010100100010111111100010,
0b0010100100010010000111111,
0b0010100100001100010011110,
0b0010100100000110100000001,
0b0010100100000000101100101,
0b0010100011111010111001100,
0b0010100011110101000110101,
0b0010100011101111010100001,
0b0010100011101001100001111,
0b0010100011100011101111111,
0b0010100011011101111110010,
0b0010100011011000001101000,
0b0010100011010010011100000,
0b0010100011001100101011010,
0b0010100011000110111010111,
0b0010100011000001001010111,
0b0010100010111011011011000,
0b0010100010110101101011100,
0b0010100010101111111100010,
0b0010100010101010001101100,
0b0010100010100100011110111,
0b0010100010011110110000101,
0b0010100010011001000010101,
0b0010100010010011010100111,
0b0010100010001101100111101,
0b0010100010000111111010100,
0b0010100010000010001101110,
0b0010100001111100100001010,
0b0010100001110110110101001,
0b0010100001110001001001010,
0b0010100001101011011101101,
0b0010100001100101110010011,
0b0010100001100000000111011,
0b0010100001011010011100110,
0b0010100001010100110010011,
0b0010100001001111001000011,
0b0010100001001001011110101,
0b0010100001000011110101001,
0b0010100000111110001011111,
0b0010100000111000100011000,
0b0010100000110010111010011,
0b0010100000101101010010000,
0b0010100000100111101010001,
0b0010100000100010000010100,
0b0010100000011100011011000,
0b0010100000010110110011111,
0b0010100000010001001101000,
0b0010100000001011100110101,
0b0010100000000110000000011,
0b0010100000000000011010011,
0b0010011111111010110100101,
0b0010011111110101001111011,
0b0010011111101111101010011,
0b0010011111101010000101100,
0b0010011111100100100001001,
0b0010011111011110111100111,
0b0010011111011001011001000,
0b0010011111010011110101100,
0b0010011111001110010010000,
0b0010011111001000101111000,
0b0010011111000011001100011,
0b0010011110111101101001111,
0b0010011110111000000111110,
0b0010011110110010100101111,
0b0010011110101101000100010,
0b0010011110100111100011000,
0b0010011110100010000010000,
0b0010011110011100100001010,
0b0010011110010111000000111,
0b0010011110010001100000110,
0b0010011110001100000000111,
0b0010011110000110100001011,
0b0010011110000001000010000,
0b0010011101111011100011000,
0b0010011101110110000100010,
0b0010011101110000100101111,
0b0010011101101011000111110,
0b0010011101100101101001111,
0b0010011101100000001100011,
0b0010011101011010101111000,
0b0010011101010101010010000,
0b0010011101001111110101011,
0b0010011101001010011000111,
0b0010011101000100111100110,
0b0010011100111111100000111,
0b0010011100111010000101010,
0b0010011100110100101001111,
0b0010011100101111001111000,
0b0010011100101001110100001,
0b0010011100100100011001110,
0b0010011100011110111111100,
0b0010011100011001100101101,
0b0010011100010100001011111,
0b0010011100001110110010101,
0b0010011100001001011001101,
0b0010011100000100000000110,
0b0010011011111110101000010,
0b0010011011111001010000000,
0b0010011011110011111000000,
0b0010011011101110100000011,
0b0010011011101001001001000,
0b0010011011100011110010000,
0b0010011011011110011011000,
0b0010011011011001000100100,
0b0010011011010011101110010,
0b0010011011001110011000001,
0b0010011011001001000010100,
0b0010011011000011101101000,
0b0010011010111110010111111,
0b0010011010111001000011000,
0b0010011010110011101110010,
0b0010011010101110011001111,
0b0010011010101001000101111,
0b0010011010100011110010000,
0b0010011010011110011110100,
0b0010011010011001001011010,
0b0010011010010011111000001,
0b0010011010001110100101100,
0b0010011010001001010011000,
0b0010011010000100000000110,
0b0010011001111110101110111,
0b0010011001111001011101010,
0b0010011001110100001011111,
0b0010011001101110111010111,
0b0010011001101001101010000,
0b0010011001100100011001100,
0b0010011001011111001001010,
0b0010011001011001111001010,
0b0010011001010100101001100,
0b0010011001001111011001111,
0b0010011001001010001010110,
0b0010011001000100111011110,
0b0010011000111111101101010,
0b0010011000111010011110110,
0b0010011000110101010000100,
0b0010011000110000000010110,
0b0010011000101010110101001,
0b0010011000100101100111110,
0b0010011000100000011010110,
0b0010011000011011001101111,
0b0010011000010110000001011,
0b0010011000010000110101001,
0b0010011000001011101001010,
0b0010011000000110011101011,
0b0010011000000001010001111,
0b0010010111111100000110110,
0b0010010111110110111011110,
0b0010010111110001110001001,
0b0010010111101100100110101,
0b0010010111100111011100100,
0b0010010111100010010010101,
0b0010010111011101001001000,
0b0010010111010111111111101,
0b0010010111010010110110101,
0b0010010111001101101101110,
0b0010010111001000100101001,
0b0010010111000011011100110,
0b0010010110111110010100110,
0b0010010110111001001100111,
0b0010010110110100000101100,
0b0010010110101110111110001,
0b0010010110101001110111001,
0b0010010110100100110000011,
0b0010010110011111101001111,
0b0010010110011010100011100,
0b0010010110010101011101101,
0b0010010110010000011000000,
0b0010010110001011010010011,
0b0010010110000110001101010,
0b0010010110000001001000010,
0b0010010101111100000011100,
0b0010010101110110111111001,
0b0010010101110001111011000,
0b0010010101101100110111001,
0b0010010101100111110011100,
0b0010010101100010110000000,
0b0010010101011101101100111,
0b0010010101011000101010000,
0b0010010101010011100111011,
0b0010010101001110100101000,
0b0010010101001001100010111,
0b0010010101000100100001000,
0b0010010100111111011111011,
0b0010010100111010011110000,
0b0010010100110101011100111,
0b0010010100110000011100000,
0b0010010100101011011011100,
0b0010010100100110011011001,
0b0010010100100001011011000,
0b0010010100011100011011001,
0b0010010100010111011011100,
0b0010010100010010011100001,
0b0010010100001101011101001,
0b0010010100001000011110010,
0b0010010100000011011111101,
0b0010010011111110100001011,
0b0010010011111001100011010,
0b0010010011110100100101011,
0b0010010011101111100111110,
0b0010010011101010101010100,
0b0010010011100101101101011,
0b0010010011100000110000100,
0b0010010011011011110100000,
0b0010010011010110110111101,
0b0010010011010001111011100,
0b0010010011001100111111101,
0b0010010011001000000100001,
0b0010010011000011001000110,
0b0010010010111110001101101,
0b0010010010111001010010110,
0b0010010010110100011000010,
0b0010010010101111011101111,
0b0010010010101010100011110,
0b0010010010100101101001111,
0b0010010010100000110000010,
0b0010010010011011110110111,
0b0010010010010110111101110,
0b0010010010010010000100111,
0b0010010010001101001100010,
0b0010010010001000010011110,
0b0010010010000011011011110,
0b0010010001111110100011111,
0b0010010001111001101100001,
0b0010010001110100110100110,
0b0010010001101111111101100,
0b0010010001101011000110101,
0b0010010001100110010000000,
0b0010010001100001011001100,
0b0010010001011100100011010,
0b0010010001010111101101010,
0b0010010001010010110111100,
0b0010010001001110000010001,
0b0010010001001001001100111,
0b0010010001000100010111110,
0b0010010000111111100011001,
0b0010010000111010101110101,
0b0010010000110101111010010,
0b0010010000110001000110011,
0b0010010000101100010010100,
0b0010010000100111011110111,
0b0010010000100010101011101,
0b0010010000011101111000100,
0b0010010000011001000101101,
0b0010010000010100010011001,
0b0010010000001111100000110,
0b0010010000001010101110101,
0b0010010000000101111100110,
0b0010010000000001001011001,
0b0010001111111100011001101,
0b0010001111110111101000100,
0b0010001111110010110111100,
0b0010001111101110000110111,
0b0010001111101001010110011,
0b0010001111100100100110010,
0b0010001111011111110110001,
0b0010001111011011000110100,
0b0010001111010110010110111,
0b0010001111010001100111100,
0b0010001111001100111000101,
0b0010001111001000001001110,
0b0010001111000011011011010,
0b0010001110111110101100110,
0b0010001110111001111110101,
0b0010001110110101010000110,
0b0010001110110000100011010,
0b0010001110101011110101110,
0b0010001110100111001000101,
0b0010001110100010011011101,
0b0010001110011101101110111,
0b0010001110011001000010100,
0b0010001110010100010110010,
0b0010001110001111101010001,
0b0010001110001010111110011,
0b0010001110000110010010111,
0b0010001110000001100111100,
0b0010001101111100111100011,
0b0010001101111000010001100,
0b0010001101110011100111000,
0b0010001101101110111100101,
0b0010001101101010010010010,
0b0010001101100101101000011,
0b0010001101100000111110110,
0b0010001101011100010101010,
0b0010001101010111101100000,
0b0010001101010011000010111,
0b0010001101001110011010001,
0b0010001101001001110001101,
0b0010001101000101001001010,
0b0010001101000000100001001,
0b0010001100111011111001010,
0b0010001100110111010001100,
0b0010001100110010101010001,
0b0010001100101110000010111,
0b0010001100101001011100000,
0b0010001100100100110101001,
0b0010001100100000001110110,
0b0010001100011011101000011,
0b0010001100010111000010011,
0b0010001100010010011100100,
0b0010001100001101110110111,
0b0010001100001001010001100,
0b0010001100000100101100010,
0b0010001100000000000111010,
0b0010001011111011100010101,
0b0010001011110110111110001,
0b0010001011110010011001111,
0b0010001011101101110101111,
0b0010001011101001010010000,
0b0010001011100100101110011,
0b0010001011100000001010111,
0b0010001011011011100111111,
0b0010001011010111000100110,
0b0010001011010010100010001,
0b0010001011001101111111101,
0b0010001011001001011101011,
0b0010001011000100111011010,
0b0010001011000000011001100,
0b0010001010111011110111111,
0b0010001010110111010110100,
0b0010001010110010110101011,
0b0010001010101110010100011,
0b0010001010101001110011101,
0b0010001010100101010011010,
0b0010001010100000110010111,
0b0010001010011100010010110,
0b0010001010010111110011000,
0b0010001010010011010011010,
0b0010001010001110110011111,
0b0010001010001010010100110,
0b0010001010000101110101110,
0b0010001010000001010111000,
0b0010001001111100111000100,
0b0010001001111000011010001,
0b0010001001110011111100000,
0b0010001001101111011110001,
0b0010001001101011000000100,
0b0010001001100110100011000,
0b0010001001100010000101111,
0b0010001001011101101000110,
0b0010001001011001001100000,
0b0010001001010100101111011,
0b0010001001010000010011001,
0b0010001001001011110110111,
0b0010001001000111011011000,
0b0010001001000010111111001,
0b0010001000111110100011110,
0b0010001000111010001000011,
0b0010001000110101101101011,
0b0010001000110001010010100,
0b0010001000101100110111111,
0b0010001000101000011101011,
0b0010001000100100000011001,
0b0010001000011111101001010,
0b0010001000011011001111100,
0b0010001000010110110101110,
0b0010001000010010011100011,
0b0010001000001110000011010,
0b0010001000001001101010011,
0b0010001000000101010001101,
0b0010001000000000111001000,
0b0010000111111100100000110,
0b0010000111111000001000101,
0b0010000111110011110000111,
0b0010000111101111011001001,
0b0010000111101011000001101,
0b0010000111100110101010011,
0b0010000111100010010011011,
0b0010000111011101111100101,
0b0010000111011001100110000,
0b0010000111010101001111100,
0b0010000111010000111001010,
0b0010000111001100100011010,
0b0010000111001000001101100,
0b0010000111000011110111111,
0b0010000110111111100010101,
0b0010000110111011001101100,
0b0010000110110110111000011,
0b0010000110110010100011110,
0b0010000110101110001111001,
0b0010000110101001111010111,
0b0010000110100101100110110,
0b0010000110100001010010110,
0b0010000110011100111111001,
0b0010000110011000101011101,
0b0010000110010100011000011,
0b0010000110010000000101001,
0b0010000110001011110010011,
0b0010000110000111011111110,
0b0010000110000011001101010,
0b0010000101111110111011000,
0b0010000101111010101001000,
0b0010000101110110010111001,
0b0010000101110010000101100,
0b0010000101101101110100000,
0b0010000101101001100010110,
0b0010000101100101010001110,
0b0010000101100001000000111,
0b0010000101011100110000010,
0b0010000101011000011111111,
0b0010000101010100001111101,
0b0010000101001111111111101,
0b0010000101001011101111110,
0b0010000101000111100000010,
0b0010000101000011010000110,
0b0010000100111111000001101,
0b0010000100111010110010101,
0b0010000100110110100011111,
0b0010000100110010010101010,
0b0010000100101110000110110,
0b0010000100101001111000101,
0b0010000100100101101010110,
0b0010000100100001011100111,
0b0010000100011101001111010,
0b0010000100011001000001111,
0b0010000100010100110100101,
0b0010000100010000100111110,
0b0010000100001100011010111,
0b0010000100001000001110010,
0b0010000100000100000010000,
0b0010000011111111110101110,
0b0010000011111011101001110,
0b0010000011110111011110000,
0b0010000011110011010010011,
0b0010000011101111000111000,
0b0010000011101010111011111,
0b0010000011100110110000110,
0b0010000011100010100110000,
0b0010000011011110011011011,
0b0010000011011010010001000,
0b0010000011010110000110111,
0b0010000011010001111100111,
0b0010000011001101110011000,
0b0010000011001001101001011,
0b0010000011000101100000000,
0b0010000011000001010110110,
0b0010000010111101001101111,
0b0010000010111001000101000,
0b0010000010110100111100011,
0b0010000010110000110011111,
0b0010000010101100101011110,
0b0010000010101000100011101,
0b0010000010100100011011110,
0b0010000010100000010100001,
0b0010000010011100001100101,
0b0010000010011000000101100,
0b0010000010010011111110011,
0b0010000010001111110111100,
0b0010000010001011110000110,
0b0010000010000111101010011,
0b0010000010000011100100000,
0b0010000001111111011110000,
0b0010000001111011011000001,
0b0010000001110111010010010,
0b0010000001110011001100111,
0b0010000001101111000111100,
0b0010000001101011000010011,
0b0010000001100110111101011,
0b0010000001100010111000110,
0b0010000001011110110100001,
0b0010000001011010101111111,
0b0010000001010110101011101,
0b0010000001010010100111101,
0b0010000001001110100011111,
0b0010000001001010100000010,
0b0010000001000110011100111,
0b0010000001000010011001101,
0b0010000000111110010110101,
0b0010000000111010010011110,
0b0010000000110110010001001,
0b0010000000110010001110101,
0b0010000000101110001100011,
0b0010000000101010001010010,
0b0010000000100110001000011,
0b0010000000100010000110110,
0b0010000000011110000101010,
0b0010000000011010000011111,
0b0010000000010110000010110,
0b0010000000010010000001111,
0b0010000000001110000001001,
0b0010000000001010000000100,
0b0010000000000110000000001,
0b0010000000000010000000000,
