0b01011010011100011000010000,
0b01011010010011111010100000,
0b01011010001011011110000100,
0b01011010000011000011000000,
0b01011001111010101001001110,
0b01011001110010010000110000,
0b01011001101001111001011110,
0b01011001100001100011101010,
0b01011001011001001111000000,
0b01011001010000111011101110,
0b01011001001000101001101100,
0b01011001000000011000111110,
0b01011000111000001001100010,
0b01011000101111111011010110,
0b01011000100111101110011000,
0b01011000011111100010101100,
0b01011000010111011000010100,
0b01011000001111001111000110,
0b01011000000111000111001100,
0b01010111111111000000100010,
0b01010111110110111011000110,
0b01010111101110110110111010,
0b01010111100110110100000010,
0b01010111011110110010010100,
0b01010111010110110001110010,
0b01010111001110110010100000,
0b01010111000110110100011010,
0b01010110111110110111101000,
0b01010110110110111011111110,
0b01010110101111000001100010,
0b01010110100111001000010100,
0b01010110011111010000001100,
0b01010110010111011001011000,
0b01010110001111100011110000,
0b01010110000111101111010000,
0b01010101111111111011111100,
0b01010101111000001001110110,
0b01010101110000011000111010,
0b01010101101000101001000110,
0b01010101100000111010011110,
0b01010101011001001101000000,
0b01010101010001100000110000,
0b01010101001001110101100110,
0b01010101000010001011100110,
0b01010100111010100010110010,
0b01010100110010111011000100,
0b01010100101011010100100010,
0b01010100100011101111001010,
0b01010100011100001010110110,
0b01010100010100100111101000,
0b01010100001101000101100100,
0b01010100000101100100101100,
0b01010011111110000100110110,
0b01010011110110100110001100,
0b01010011101111001000100110,
0b01010011100111101100001010,
0b01010011100000010000110010,
0b01010011011000110110011110,
0b01010011010001011101010100,
0b01010011001010000101001100,
0b01010011000010101110001110,
0b01010010111011011000010100,
0b01010010110100000011011100,
0b01010010101100101111101110,
0b01010010100101011101000010,
0b01010010011110001011011010,
0b01010010010110111010110110,
0b01010010001111101011011000,
0b01010010001000011100111100,
0b01010010000001001111100100,
0b01010001111010000011001110,
0b01010001110010111000000000,
0b01010001101011101101110100,
0b01010001100100100100100100,
0b01010001011101011100011100,
0b01010001010110010101011010,
0b01010001001111001111010110,
0b01010001001000001010010010,
0b01010001000001000110010000,
0b01010000111010000011010100,
0b01010000110011000001010100,
0b01010000101100000000011010,
0b01010000100101000000011100,
0b01010000011110000001100100,
0b01010000010111000011101000,
0b01010000010000000110110000,
0b01010000001001001010110110,
0b01010000000010001111111010,
0b01001111111011010110000100,
0b01001111110100011101001000,
0b01001111101101100101001110,
0b01001111100110101110010000,
0b01001111011111111000010000,
0b01001111011001000011010100,
0b01001111010010001111010010,
0b01001111001011011100001110,
0b01001111000100101010001100,
0b01001110111101111001000110,
0b01001110110111001000111100,
0b01001110110000011001110100,
0b01001110101001101011101000,
0b01001110100010111110010100,
0b01001110011100010010000100,
0b01001110010101100110101100,
0b01001110001110111100001110,
0b01001110001000010010110110,
0b01001110000001101010010010,
0b01001101111011000010110000,
0b01001101110100011100000100,
0b01001101101101110110011000,
0b01001101100111010001100010,
0b01001101100000101101101010,
0b01001101011010001010110010,
0b01001101010011101000110000,
0b01001101001101000111100110,
0b01001101000110100111011010,
0b01001101000000001000001010,
0b01001100111001101001110010,
0b01001100110011001100011000,
0b01001100101100101111110100,
0b01001100100110010100001000,
0b01001100011111111001011000,
0b01001100011001011111100100,
0b01001100010011000110100010,
0b01001100001100101110011110,
0b01001100000110010111010100,
0b01001100000000000001000010,
0b01001011111001101011100110,
0b01001011110011010111000000,
0b01001011101101000011010110,
0b01001011100110110000100100,
0b01001011100000011110100110,
0b01001011011010001101100110,
0b01001011010011111101011000,
0b01001011001101101110000100,
0b01001011000111011111101010,
0b01001011000001010010000000,
0b01001010111011000101010010,
0b01001010110100111001011000,
0b01001010101110101110010100,
0b01001010101000100100001010,
0b01001010100010011010110000,
0b01001010011100010010010010,
0b01001010010110001010101010,
0b01001010010000000011101110,
0b01001010001001111101110000,
0b01001010000011111000100100,
0b01001001111101110100010100,
0b01001001110111110000110010,
0b01001001110001101110000100,
0b01001001101011101100001110,
0b01001001100101101011001110,
0b01001001011111101010111110,
0b01001001011001101011100010,
0b01001001010011101101000000,
0b01001001001101101111001110,
0b01001001000111110010001110,
0b01001001000001110110000010,
0b01001000111011111010110000,
0b01001000110110000000001100,
0b01001000110000000110010110,
0b01001000101010001101011000,
0b01001000100100010101010000,
0b01001000011110011101111010,
0b01001000011000100111010010,
0b01001000010010110001011100,
0b01001000001100111100100000,
0b01001000000111001000010000,
0b01001000000001010100110000,
0b01000111111011100010000110,
0b01000111110101110000001100,
0b01000111101111111111000010,
0b01000111101010001110101100,
0b01000111100100011111001000,
0b01000111011110110000010010,
0b01000111011001000010001110,
0b01000111010011010100111100,
0b01000111001101101000011100,
0b01000111000111111100101010,
0b01000111000010010001101000,
0b01000110111100100111010100,
0b01000110110110111101111000,
0b01000110110001010101000010,
0b01000110101011101101000100,
0b01000110100110000101110010,
0b01000110100000011111010000,
0b01000110011010111001011100,
0b01000110010101010100011010,
0b01000110001111110000000010,
0b01000110001010001100011100,
0b01000110000100101001101000,
0b01000101111111000111100000,
0b01000101111001100110001000,
0b01000101110100000101011100,
0b01000101101110100101100010,
0b01000101101001000110010010,
0b01000101100011100111101110,
0b01000101011110001010000000,
0b01000101011000101100111000,
0b01000101010011010000100000,
0b01000101001101110100111100,
0b01000101001000011001111010,
0b01000101000010111111101110,
0b01000100111101100110001010,
0b01000100111000001101011010,
0b01000100110010110101001110,
0b01000100101101011101110100,
0b01000100101000000111000100,
0b01000100100010110001000100,
0b01000100011101011011110000,
0b01000100011000000111000100,
0b01000100010010110011000100,
0b01000100001101011111110010,
0b01000100001000001101001100,
0b01000100000010111011010110,
0b01000011111101101010001000,
0b01000011111000011001100010,
0b01000011110011001001101100,
0b01000011101101111010011110,
0b01000011101000101011111110,
0b01000011100011011110001010,
0b01000011011110010000111110,
0b01000011011001000100011100,
0b01000011010011111000101000,
0b01000011001110101101011010,
0b01000011001001100010111000,
0b01000011000100011001000010,
0b01000010111111001111111010,
0b01000010111010000111010110,
0b01000010110100111111011010,
0b01000010101111111000001110,
0b01000010101010110001101010,
0b01000010100101101011101100,
0b01000010100000100110011010,
0b01000010011011100001110010,
0b01000010010110011101110010,
0b01000010010001011010011100,
0b01000010001100010111101110,
0b01000010000111010101101010,
0b01000010000010010100010010,
0b01000001111101010011011110,
0b01000001111000010011010010,
0b01000001110011010011110000,
0b01000001101110010100110100,
0b01000001101001010110101000,
0b01000001100100011000111110,
0b01000001011111011011111100,
0b01000001011010011111100010,
0b01000001010101100011110010,
0b01000001010000101000101000,
0b01000001001011101110000110,
0b01000001000110110100001000,
0b01000001000001111010110110,
0b01000000111101000010000110,
0b01000000111000001010000100,
0b01000000110011010010100100,
0b01000000101110011011101100,
0b01000000101001100101011100,
0b01000000100100101111110010,
0b01000000011111111010110010,
0b01000000011011000110010100,
0b01000000010110010010100000,
0b01000000010001011111010000,
0b01000000001100101100100110,
0b01000000000111111010011110,
0b01000000000011001001000100,
0b00111111111110011000001010,
0b00111111111001100111110111,
0b00111111110100111000001100,
0b00111111110000001001000011,
0b00111111101011011010100000,
0b00111111100110101100100100,
0b00111111100001111111001111,
0b00111111011101010010011011,
0b00111111011000100110001111,
0b00111111010011111010100111,
0b00111111001111001111100111,
0b00111111001010100101001001,
0b00111111000101111011001100,
0b00111111000001010001111001,
0b00111110111100101001001001,
0b00111110111000000000111111,
0b00111110110011011001010110,
0b00111110101110110010010010,
0b00111110101010001011110000,
0b00111110100101100101110011,
0b00111110100001000000011101,
0b00111110011100011011101000,
0b00111110010111110111011001,
0b00111110010011010011101111,
0b00111110001110110000100110,
0b00111110001010001101111101,
0b00111110000101101011111010,
0b00111110000001001010011110,
0b00111101111100101001100000,
0b00111101111000001001000101,
0b00111101110011101001010010,
0b00111101101111001001111100,
0b00111101101010101011001100,
0b00111101100110001101000000,
0b00111101100001101111010100,
0b00111101011101010010001001,
0b00111101011000110101100010,
0b00111101010100011001100001,
0b00111101001111111101111011,
0b00111101001011100010111111,
0b00111101000111001000011111,
0b00111101000010101110100010,
0b00111100111110010101001010,
0b00111100111001111100010011,
0b00111100110101100011111010,
0b00111100110001001100001000,
0b00111100101100110100110100,
0b00111100101000011110000000,
0b00111100100100000111110000,
0b00111100011111110010000001,
0b00111100011011011100110000,
0b00111100010111001000000101,
0b00111100010010110011110111,
0b00111100001110100000001010,
0b00111100001010001101000001,
0b00111100000101111010011000,
0b00111100000001101000001110,
0b00111011111101010110100110,
0b00111011111001000101011011,
0b00111011110100110100110010,
0b00111011110000100100101110,
0b00111011101100010101000100,
0b00111011101000000101111101,
0b00111011100011110111010110,
0b00111011011111101001001110,
0b00111011011011011011101000,
0b00111011010111001110011110,
0b00111011010011000001110110,
0b00111011001110110101101110,
0b00111011001010101010001001,
0b00111011000110011110111101,
0b00111011000010010100010100,
0b00111010111110001010000110,
0b00111010111010000000011100,
0b00111010110101110111001111,
0b00111010110001101110100101,
0b00111010101101100110010101,
0b00111010101001011110100101,
0b00111010100101010111010110,
0b00111010100001010000100110,
0b00111010011101001010001110,
0b00111010011001000100011011,
0b00111010010100111111000101,
0b00111010010000111010001110,
0b00111010001100110101111000,
0b00111010001000110001111100,
0b00111010000100101110011110,
0b00111010000000101011011111,
0b00111001111100101001000001,
0b00111001111000100110111101,
0b00111001110100100101010111,
0b00111001110000100100010010,
0b00111001101100100011100111,
0b00111001101000100011011110,
0b00111001100100100011101110,
0b00111001100000100100100000,
0b00111001011100100101101100,
0b00111001011000100111010101,
0b00111001010100101001100000,
0b00111001010000101100000011,
0b00111001001100101111000100,
0b00111001001000110010100111,
0b00111001000100110110100011,
0b00111001000000111010111011,
0b00111000111100111111110001,
0b00111000111001000101000100,
0b00111000110101001010110101,
0b00111000110001010001000010,
0b00111000101101010111100111,
0b00111000101001011110110000,
0b00111000100101100110001111,
0b00111000100001101110010000,
0b00111000011101110110101001,
0b00111000011001111111100001,
0b00111000010110001000110011,
0b00111000010010010010100011,
0b00111000001110011100101100,
0b00111000001010100111010101,
0b00111000000110110010010110,
0b00111000000010111101110100,
0b00110111111111001001101111,
0b00110111111011010110000101,
0b00110111110111100010110100,
0b00110111110011110000000101,
0b00110111101111111101101100,
0b00110111101100001011110001,
0b00110111101000011010010001,
0b00110111100100101001001010,
0b00110111100000111000011110,
0b00110111011101001000001111,
0b00110111011001011000011100,
0b00110111010101101001000001,
0b00110111010001111010000110,
0b00110111001110001011100011,
0b00110111001010011101010111,
0b00110111000110101111101100,
0b00110111000011000010011001,
0b00110110111111010101100000,
0b00110110111011101001000000,
0b00110110110111111100111100,
0b00110110110100010001010100,
0b00110110110000100110000110,
0b00110110101100111011010001,
0b00110110101001010000110111,
0b00110110100101100110111000,
0b00110110100001111101010001,
0b00110110011110010100000110,
0b00110110011010101011010001,
0b00110110010111000010111001,
0b00110110010011011010111011,
0b00110110001111110011010101,
0b00110110001100001100001001,
0b00110110001000100101011010,
0b00110110000100111111000001,
0b00110110000001011001000011,
0b00110101111101110011011100,
0b00110101111010001110010010,
0b00110101110110101001100001,
0b00110101110011000101001000,
0b00110101101111100001001001,
0b00110101101011111101100001,
0b00110101101000011010010101,
0b00110101100100110111011111,
0b00110101100001010101000100,
0b00110101011101110011000100,
0b00110101011010010001011010,
0b00110101010110110000000111,
0b00110101010011001111001111,
0b00110101001111101110110001,
0b00110101001100001110101011,
0b00110101001000101110111010,
0b00110101000101001111100100,
0b00110101000001110000101001,
0b00110100111110010010000011,
0b00110100111010110011110101,
0b00110100110111010110000000,
0b00110100110011111000100010,
0b00110100110000011011011111,
0b00110100101100111110110110,
0b00110100101001100010011111,
0b00110100100110000110100010,
0b00110100100010101010111111,
0b00110100011111001111110010,
0b00110100011011110101000001,
0b00110100011000011010011111,
0b00110100010101000000011110,
0b00110100010001100110101101,
0b00110100001110001101011011,
0b00110100001010110100011010,
0b00110100000111011011110101,
0b00110100000100000011100100,
0b00110100000000101011101101,
0b00110011111101010100001100,
0b00110011111001111101000001,
0b00110011110110100110001111,
0b00110011110011001111110100,
0b00110011101111111001101111,
0b00110011101100100100000010,
0b00110011101001001110101011,
0b00110011100101111001101110,
0b00110011100010100101000011,
0b00110011011111010000110101,
0b00110011011011111100111000,
0b00110011011000101001010101,
0b00110011010101010110000111,
0b00110011010010000011001110,
0b00110011001110110000110000,
0b00110011001011011110100011,
0b00110011001000001100110011,
0b00110011000100111011010011,
0b00110011000001101010001110,
0b00110010111110011001011101,
0b00110010111011001001000010,
0b00110010110111111000111100,
0b00110010110100101001001111,
0b00110010110001011001110111,
0b00110010101110001010110101,
0b00110010101010111100001010,
0b00110010100111101101110010,
0b00110010100100011111110011,
0b00110010100001010010001000,
0b00110010011110000100110101,
0b00110010011010110111110100,
0b00110010010111101011001100,
0b00110010010100011110111010,
0b00110010010001010010111010,
0b00110010001110000111010001,
0b00110010001010111100000000,
0b00110010000111110000111111,
0b00110010000100100110011000,
0b00110010000001011100000101,
0b00110001111110010010000111,
0b00110001111011001000100010,
0b00110001110111111111001100,
0b00110001110100110110010000,
0b00110001110001101101100101,
0b00110001101110100101010000,
0b00110001101011011101010010,
0b00110001101000010101100111,
0b00110001100101001110010101,
0b00110001100010000111010011,
0b00110001011111000000100110,
0b00110001011011111010010000,
0b00110001011000110100010000,
0b00110001010101101110011111,
0b00110001010010101001000111,
0b00110001001111100100000011,
0b00110001001100011111010100,
0b00110001001001011010111000,
0b00110001000110010110110000,
0b00110001000011010010111101,
0b00110001000000001111100010,
0b00110000111101001100010110,
0b00110000111010001001011111,
0b00110000110111000111000000,
0b00110000110100000100110001,
0b00110000110001000010110101,
0b00110000101110000001010011,
0b00110000101010111111111111,
0b00110000100111111111000011,
0b00110000100100111110010111,
0b00110000100001111110000100,
0b00110000011110111110000000,
0b00110000011011111110010100,
0b00110000011000111110111000,
0b00110000010101111111110011,
0b00110000010011000000111110,
0b00110000010000000010100001,
0b00110000001101000100010011,
0b00110000001010000110011101,
0b00110000000111001000110111,
0b00110000000100001011101000,
0b00110000000001001110101001,
0b00101111111110010001111101,
0b00101111111011010101100100,
0b00101111111000011001011111,
0b00101111110101011101101111,
0b00101111110010100010010000,
0b00101111101111100111000110,
0b00101111101100101100001111,
0b00101111101001110001101011,
0b00101111100110110111011011,
0b00101111100011111101011001,
0b00101111100001000011110000,
0b00101111011110001010010110,
0b00101111011011010001001111,
0b00101111011000011000011111,
0b00101111010101011111111110,
0b00101111010010100111110000,
0b00101111001111101111110010,
0b00101111001100111000001010,
0b00101111001010000000110110,
0b00101111000111001001110001,
0b00101111000100010010111111,
0b00101111000001011100100100,
0b00101110111110100110010100,
0b00101110111011110000011010,
0b00101110111000111010110101,
0b00101110110110000101011101,
0b00101110110011010000011101,
0b00101110110000011011101100,
0b00101110101101100111001110,
0b00101110101010110011000010,
0b00101110100111111111000101,
0b00101110100101001011011111,
0b00101110100010011000001000,
0b00101110011111100101000100,
0b00101110011100110010010010,
0b00101110011001111111101111,
0b00101110010111001101100011,
0b00101110010100011011100110,
0b00101110010001101001111011,
0b00101110001110111000100011,
0b00101110001100000111011001,
0b00101110001001010110100011,
0b00101110000110100101111110,
0b00101110000011110101101100,
0b00101110000001000101101101,
0b00101101111110010101111100,
0b00101101111011100110011110,
0b00101101111000110111010010,
0b00101101110110001000010101,
0b00101101110011011001101101,
0b00101101110000101011010101,
0b00101101101101111101001100,
0b00101101101011001111010111,
0b00101101101000100001110010,
0b00101101100101110100011111,
0b00101101100011000111011011,
0b00101101100000011010101000,
0b00101101011101101110001000,
0b00101101011011000001111001,
0b00101101011000010101111010,
0b00101101010101101010001101,
0b00101101010010111110110000,
0b00101101010000010011100100,
0b00101101001101101000101001,
0b00101101001010111101111111,
0b00101101001000010011100101,
0b00101101000101101001011100,
0b00101101000010111111100110,
0b00101101000000010101111101,
0b00101100111101101100100111,
0b00101100111011000011100010,
0b00101100111000011010101011,
0b00101100110101110010000111,
0b00101100110011001001110100,
0b00101100110000100001101111,
0b00101100101101111001111100,
0b00101100101011010010011000,
0b00101100101000101011000100,
0b00101100100110000100000011,
0b00101100100011011101010000,
0b00101100100000110110101110,
0b00101100011110010000011010,
0b00101100011011101010011000,
0b00101100011001000100101000,
0b00101100010110011111000101,
0b00101100010011111001110101,
0b00101100010001010100110010,
0b00101100001110110000000001,
0b00101100001100001011100001,
0b00101100001001100111001111,
0b00101100000111000011001110,
0b00101100000100011111011100,
0b00101100000001111011111010,
0b00101011111111011000100111,
0b00101011111100110101100101,
0b00101011111010010010110000,
0b00101011110111110000001101,
0b00101011110101001101111100,
0b00101011110010101011111001,
0b00101011110000001010000010,
0b00101011101101101000100001,
0b00101011101011000111001001,
0b00101011101000100110000011,
0b00101011100110000101001111,
0b00101011100011100100100111,
0b00101011100001000100010001,
0b00101011011110100100001001,
0b00101011011100000100010001,
0b00101011011001100100100111,
0b00101011010111000101001111,
0b00101011010100100110000011,
0b00101011010010000111000101,
0b00101011001111101000011001,
0b00101011001101001001111100,
0b00101011001010101011101101,
0b00101011001000001101110001,
0b00101011000101110000000001,
0b00101011000011010010011110,
0b00101011000000110101001100,
0b00101010111110011000001011,
0b00101010111011111011010100,
0b00101010111001011110110001,
0b00101010110111000010011001,
0b00101010110100100110010100,
0b00101010110010001010011001,
0b00101010101111101110101110,
0b00101010101101010011010101,
0b00101010101010111000001001,
0b00101010101000011101001001,
0b00101010100110000010011100,
0b00101010100011100111111011,
0b00101010100001001101101010,
0b00101010011110110011100110,
0b00101010011100011001110000,
0b00101010011010000000001010,
0b00101010010111100110110001,
0b00101010010101001101100110,
0b00101010010010110100101011,
0b00101010010000011100000001,
0b00101010001110000011100100,
0b00101010001011101011010011,
0b00101010001001010011001111,
0b00101010000110111011011100,
0b00101010000100100011110110,
0b00101010000010001100100000,
0b00101001111111110101010111,
0b00101001111101011110011011,
0b00101001111011000111101111,
0b00101001111000110001010001,
0b00101001110110011010111111,
0b00101001110100000100111101,
0b00101001110001101111001000,
0b00101001101111011001100100,
0b00101001101101000100001101,
0b00101001101010101111000010,
0b00101001101000011010000011,
0b00101001100110000101010101,
0b00101001100011110000110100,
0b00101001100001011100011111,
0b00101001011111001000011010,
0b00101001011100110100100011,
0b00101001011010100000110111,
0b00101001011000001101011101,
0b00101001010101111010001110,
0b00101001010011100111001100,
0b00101001010001010100011011,
0b00101001001111000001110101,
0b00101001001100101111011101,
0b00101001001010011101010000,
0b00101001001000001011010100,
0b00101001000101111001100101,
0b00101001000011101000000001,
0b00101001000001010110101010,
0b00101000111111000101100100,
0b00101000111100110100101001,
0b00101000111010100011111111,
0b00101000111000010011011110,
0b00101000110110000011001100,
0b00101000110011110011000111,
0b00101000110001100011001110,
0b00101000101111010011100101,
0b00101000101101000100001000,
0b00101000101010110100110111,
0b00101000101000100101110011,
0b00101000100110010110111110,
0b00101000100100001000010011,
0b00101000100001111001110111,
0b00101000011111101011101011,
0b00101000011101011101101000,
0b00101000011011001111110011,
0b00101000011001000010001100,
0b00101000010110110100110001,
0b00101000010100100111100001,
0b00101000010010011010011111,
0b00101000010000001101101011,
0b00101000001110000001000100,
0b00101000001011110100101000,
0b00101000001001101000011001,
0b00101000000111011100011010,
0b00101000000101010000100011,
0b00101000000011000100111100,
0b00101000000000111001100000,
0b00100111111110101110010000,
0b00100111111100100011010000,
0b00100111111010011000011001,
0b00100111111000001101110001,
0b00100111110110000011010110,
0b00100111110011111001000101,
0b00100111110001101111000001,
0b00100111101111100101001001,
0b00100111101101011011100000,
0b00100111101011010010000011,
0b00100111101001001000101110,
0b00100111100110111111101001,
0b00100111100100110110110000,
0b00100111100010101110000110,
0b00100111100000100101100100,
0b00100111011110011101001111,
0b00100111011100010101001000,
0b00100111011010001101001101,
0b00100111011000000101011110,
0b00100111010101111101111010,
0b00100111010011110110100011,
0b00100111010001101111011000,
0b00100111001111101000010111,
0b00100111001101100001100111,
0b00100111001011011010111110,
0b00100111001001010100100100,
0b00100111000111001110010110,
0b00100111000101001000010001,
0b00100111000011000010011010,
0b00100111000000111100101111,
0b00100110111110110111001111,
0b00100110111100110001111110,
0b00100110111010101100110111,
0b00100110111000100111111010,
0b00100110110110100011001101,
0b00100110110100011110100110,
0b00100110110010011010010000,
0b00100110110000010110000010,
0b00100110101110010010000001,
0b00100110101100001110001110,
0b00100110101010001010100010,
0b00100110101000000111000100,
0b00100110100110000011110011,
0b00100110100100000000101101,
0b00100110100001111101110010,
0b00100110011111111011000011,
0b00100110011101111000011111,
0b00100110011011110110001010,
0b00100110011001110011111101,
0b00100110010111110001111010,
0b00100110010101110000000100,
0b00100110010011101110011001,
0b00100110010001101100111100,
0b00100110001111101011101000,
0b00100110001101101010011111,
0b00100110001011101001100100,
0b00100110001001101000110001,
0b00100110000111101000001010,
0b00100110000101100111110001,
0b00100110000011100111100000,
0b00100110000001100111011111,
0b00100101111111100111100100,
0b00100101111101100111110101,
0b00100101111011101000010101,
0b00100101111001101000111011,
0b00100101110111101001101110,
0b00100101110101101010101111,
0b00100101110011101011110111,
0b00100101110001101101001011,
0b00100101101111101110101101,
0b00100101101101110000010111,
0b00100101101011110010001100,
0b00100101101001110100001101,
0b00100101100111110110011000,
0b00100101100101111000110010,
0b00100101100011111011010100,
0b00100101100001111110000000,
0b00100101100000000000110111,
0b00100101011110000011111001,
0b00100101011100000111000111,
0b00100101011010001010011100,
0b00100101011000001101111111,
0b00100101010110010001101110,
0b00100101010100010101100111,
0b00100101010010011001101000,
0b00100101010000011101111000,
0b00100101001110100010001110,
0b00100101001100100110110100,
0b00100101001010101011100000,
0b00100101001000110000011011,
0b00100101000110110101011101,
0b00100101000100111010101010,
0b00100101000011000000000010,
0b00100101000001000101100101,
0b00100100111111001011010011,
0b00100100111101010001001001,
0b00100100111011010111001100,
0b00100100111001011101011010,
0b00100100110111100011101111,
0b00100100110101101010010011,
0b00100100110011110000111110,
0b00100100110001110111110100,
0b00100100101111111110110101,
0b00100100101110000110000001,
0b00100100101100001101010111,
0b00100100101010010100111000,
0b00100100101000011100100000,
0b00100100100110100100010101,
0b00100100100100101100010011,
0b00100100100010110100011011,
0b00100100100000111100110001,
0b00100100011111000101001111,
0b00100100011101001101110100,
0b00100100011011010110100110,
0b00100100011001011111100100,
0b00100100010111101000101000,
0b00100100010101110001111000,
0b00100100010011111011010100,
0b00100100010010000100111001,
0b00100100010000001110100100,
0b00100100001110011000011110,
0b00100100001100100010100010,
0b00100100001010101100101101,
0b00100100001000110111000011,
0b00100100000111000001100011,
0b00100100000101001100001101,
0b00100100000011010111000011,
0b00100100000001100001111111,
0b00100011111111101101001001,
0b00100011111101111000011011,
0b00100011111100000011110110,
0b00100011111010001111011101,
0b00100011111000011011001100,
0b00100011110110100111000100,
0b00100011110100110011000111,
0b00100011110010111111010110,
0b00100011110001001011101010,
0b00100011101111011000001010,
0b00100011101101100100110110,
0b00100011101011110001101001,
0b00100011101001111110100101,
0b00100011101000001011101101,
0b00100011100110011000111110,
0b00100011100100100110010111,
0b00100011100010110011111101,
0b00100011100001000001101010,
0b00100011011111001111011110,
0b00100011011101011101100000,
0b00100011011011101011101100,
0b00100011011001111001111110,
0b00100011011000001000011100,
0b00100011010110010111000010,
0b00100011010100100101110000,
0b00100011010010110100101010,
0b00100011010001000011101100,
0b00100011001111010010111001,
0b00100011001101100010010000,
0b00100011001011110001101110,
0b00100011001010000001010110,
0b00100011001000010001001000,
0b00100011000110100001000100,
0b00100011000100110001000111,
0b00100011000011000001010101,
0b00100011000001010001101100,
0b00100010111111100010001101,
0b00100010111101110010110110,
0b00100010111100000011101000,
0b00100010111010010100100100,
0b00100010111000100101100111,
0b00100010110110110110111000,
0b00100010110101001000001111,
0b00100010110011011001101101,
0b00100010110001101011011010,
0b00100010101111111101001011,
0b00100010101110001111001000,
0b00100010101100100001001110,
0b00100010101010110011011010,
0b00100010101001000101110010,
0b00100010100111011000010001,
0b00100010100101101010111001,
0b00100010100011111101101011,
0b00100010100010010000100110,
0b00100010100000100011101011,
0b00100010011110110110110111,
0b00100010011101001010001110,
0b00100010011011011101101101,
0b00100010011001110001010011,
0b00100010011000000101000011,
0b00100010010110011000111101,
0b00100010010100101101000010,
0b00100010010011000001001100,
0b00100010010001010101011110,
0b00100010001111101001111100,
0b00100010001101111110100000,
0b00100010001100010011001111,
0b00100010001010101000001000,
0b00100010001000111101000111,
0b00100010000111010010001111,
0b00100010000101100111011111,
0b00100010000011111100111000,
0b00100010000010010010011011,
0b00100010000000101000000111,
0b00100001111110111101111011,
0b00100001111101010011110111,
0b00100001111011101001111011,
0b00100001111010000000001011,
0b00100001111000010110011111,
0b00100001110110101100111111,
0b00100001110101000011100110,
0b00100001110011011010010111,
0b00100001110001110001001110,
0b00100001110000001000001111,
0b00100001101110011111011001,
0b00100001101100110110101010,
0b00100001101011001110000101,
0b00100001101001100101101000,
0b00100001100111111101010011,
0b00100001100110010101000111,
0b00100001100100101101000010,
0b00100001100011000101001010,
0b00100001100001011101010100,
0b00100001011111110101101011,
0b00100001011110001110001000,
0b00100001011100100110101101,
0b00100001011010111111011010,
0b00100001011001011000010001,
0b00100001010111110001010001,
0b00100001010110001010011001,
0b00100001010100100011100110,
0b00100001010010111101000000,
0b00100001010001010110011101,
0b00100001001111110000000111,
0b00100001001110001001110111,
0b00100001001100100011110000,
0b00100001001010111101110000,
0b00100001001001010111111010,
0b00100001000111110010001001,
0b00100001000110001100100010,
0b00100001000100100111000100,
0b00100001000011000001101101,
0b00100001000001011100011111,
0b00100000111111110111010111,
0b00100000111110010010011001,
0b00100000111100101101100000,
0b00100000111011001000110010,
0b00100000111001100100001100,
0b00100000110111111111101101,
0b00100000110110011011010111,
0b00100000110100110111000111,
0b00100000110011010011000001,
0b00100000110001101111000100,
0b00100000110000001011001110,
0b00100000101110100111011101,
0b00100000101101000011111001,
0b00100000101011100000010111,
0b00100000101001111101000010,
0b00100000101000011001110000,
0b00100000100110110110101011,
0b00100000100101010011101100,
0b00100000100011110000110011,
0b00100000100010001110000010,
0b00100000100000101011011100,
0b00100000011111001000111011,
0b00100000011101100110100001,
0b00100000011100000100010010,
0b00100000011010100010000111,
0b00100000011001000000001000,
0b00100000010111011110001011,
0b00100000010101111100011100,
0b00100000010100011010101111,
0b00100000010010111001001111,
0b00100000010001010111110101,
0b00100000001111110110100000,
0b00100000001110010101010100,
0b00100000001100110100001111,
0b00100000001011010011010011,
0b00100000001001110010011111,
0b00100000001000010001110010,
0b00100000000110110001001011,
0b00100000000101010000101101,
0b00100000000011110000011000,
0b00100000000010010000001001,
0b00100000000000110000000000,
0b11111111110100000000011000,
0b11111111011100000100001000,
0b11111111000100001011101000,
0b11111110101100010110110100,
0b11111110010100100101110000,
0b11111101111100111000011100,
0b11111101100101001110100100,
0b11111101001101101000100000,
0b11111100110110000110010000,
0b11111100011110100111010100,
0b11111100000111001100010000,
0b11111011101111110100110000,
0b11111011011000100000111000,
0b11111011000001010000101000,
0b11111010101010000011110100,
0b11111010010010111010110000,
0b11111001111011110101000100,
0b11111001100100110011000000,
0b11111001001101110100100000,
0b11111000110110111001100000,
0b11111000100000000001111100,
0b11111000001001001110000000,
0b11110111110010011101100000,
0b11110111011011110000011000,
0b11110111000101000110110100,
0b11110110101110100000110000,
0b11110110010111111110001000,
0b11110110000001011110110100,
0b11110101101011000011000000,
0b11110101010100101010100100,
0b11110100111110010101100000,
0b11110100101000000011111100,
0b11110100010001110101100100,
0b11110011111011101010110000,
0b11110011100101100011010000,
0b11110011001111011110111000,
0b11110010111001011110000100,
0b11110010100011100000100000,
0b11110010001101100110010100,
0b11110001110111101111010000,
0b11110001100001111011101000,
0b11110001001100001011001000,
0b11110000110110011110001000,
0b11110000100000110100001000,
0b11110000001011001101100100,
0b11101111110101101010001000,
0b11101111100000001001111000,
0b11101111001010101100111100,
0b11101110110101010011001100,
0b11101110011111111100011100,
0b11101110001010101001001000,
0b11101101110101011000111100,
0b11101101100000001011101100,
0b11101101001011000001101100,
0b11101100110101111010111100,
0b11101100100000110111011000,
0b11101100001011110110101100,
0b11101011110110111001010100,
0b11101011100001111110110100,
0b11101011001101000111101100,
0b11101010111000010011011000,
0b11101010100011100010010000,
0b11101010001110110100010000,
0b11101001111010001001010100,
0b11101001100101100001010000,
0b11101001010000111100010000,
0b11101000111100011010011000,
0b11101000100111111011100000,
0b11101000010011011111100000,
0b11100111111111000110100000,
0b11100111101010110000101000,
0b11100111010110011101100100,
0b11100111000010001101100000,
0b11100110101110000000011100,
0b11100110011001110110010100,
0b11100110000101101111001000,
0b11100101110001101010110000,
0b11100101011101101001100100,
0b11100101001001101011000100,
0b11100100110101101111100000,
0b11100100100001110110110000,
0b11100100001110000001000000,
0b11100011111010001110000100,
0b11100011100110011110000100,
0b11100011010010110000101000,
0b11100010111111000110011000,
0b11100010101011011110110000,
0b11100010010111111010001100,
0b11100010000100011000001000,
0b11100001110000111001000100,
0b11100001011101011100111000,
0b11100001001010000011010100,
0b11100000110110101100101000,
0b11100000100011011000100100,
0b11100000010000000111010100,
0b11011111111100111000111000,
0b11011111101001101101001000,
0b11011111010110100100001100,
0b11011111000011011110000000,
0b11011110110000011010100000,
0b11011110011101011001100100,
0b11011110001010011011011100,
0b11011101110111100000001000,
0b11011101100100100111011000,
0b11011101010001110001010000,
0b11011100111110111101111000,
0b11011100101100001101000100,
0b11011100011001011111001000,
0b11011100000110110011101100,
0b11011011110100001010110100,
0b11011011100001100100110000,
0b11011011001111000001000100,
0b11011010111100100000001000,
0b11011010101010000001111000,
0b11011010010111100110000100,
0b11011010000101001100111100,
0b11011001110010110110010100,
0b11011001100000100010010100,
0b11011001001110010001000000,
0b11011000111100000010000100,
0b11011000101001110101110100,
0b11011000010111101011111100,
0b11011000000101100100101100,
0b11010111110011100000000000,
0b11010111100001011101101100,
0b11010111001111011110000000,
0b11010110111101100000110100,
0b11010110101011100110001100,
0b11010110011001101101110100,
0b11010110000111111000001100,
0b11010101110110000100111100,
0b11010101100100010100000100,
0b11010101010010100101110000,
0b11010101000000111001110100,
0b11010100101111010000010100,
0b11010100011101101001010100,
0b11010100001100000100111000,
0b11010011111010100010101000,
0b11010011101001000010110100,
0b11010011010111100101100000,
0b11010011000110001010011100,
0b11010010110100110010000000,
0b11010010100011011011110100,
0b11010010010010000111111100,
0b11010010000000110110101000,
0b11010001101111100111011000,
0b11010001011110011010110000,
0b11010001001101010000011000,
0b11010000111100001000011000,
0b11010000101011000010101100,
0b11010000011001111111010100,
0b11010000001000111110010000,
0b11001111110111111111100000,
0b11001111100111000011001000,
0b11001111010110001001000000,
0b11001111000101010001001000,
0b11001110110100011011100000,
0b11001110100011101000010000,
0b11001110010010110111010100,
0b11001110000010001000100000,
0b11001101110001011100001100,
0b11001101100000110001111000,
0b11001101010000001001111100,
0b11001100111111100100010000,
0b11001100101111000000101000,
0b11001100011110011111011100,
0b11001100001110000000011000,
0b11001011111101100011100000,
0b11001011101101001000111000,
0b11001011011100110000100100,
0b11001011001100011010001100,
0b11001010111100000110001000,
0b11001010101011110100010000,
0b11001010011011100100100000,
0b11001010001011010111001000,
0b11001001111011001011101100,
0b11001001101011000010101000,
0b11001001011010111011011100,
0b11001001001010110110100100,
0b11001000111010110011101100,
0b11001000101010110011001100,
0b11001000011010110100100100,
0b11001000001010111000001100,
0b11000111111010111101110100,
0b11000111101011000101101100,
0b11000111011011001111100100,
0b11000111001011011011101100,
0b11000110111011101001110000,
0b11000110101011111001111000,
0b11000110011100001100001000,
0b11000110001100100000100000,
0b11000101111100110110111000,
0b11000101101101001111010100,
0b11000101011101101001110000,
0b11000101001110000110010000,
0b11000100111110100100111000,
0b11000100101111000101100100,
0b11000100011111101000001000,
0b11000100010000001100110100,
0b11000100000000110011100100,
0b11000011110001011100001100,
0b11000011100010000110110100,
0b11000011010010110011100100,
0b11000011000011100010011000,
0b11000010110100010011000100,
0b11000010100101000101101000,
0b11000010010101111010011000,
0b11000010000110110000111000,
0b11000001110111101001100000,
0b11000001101000100100000100,
0b11000001011001100000100000,
0b11000001001010011110111100,
0b11000000111011011111011000,
0b11000000101100100001110000,
0b11000000011101100101111100,
0b11000000001110101100001000,
0b10111111111111110100011000,
0b10111111110000111110010000,
0b10111111100010001010010000,
0b10111111010011011000000100,
0b10111111000100100111110000,
0b10111110110101111001100000,
0b10111110100111001100111100,
0b10111110011000100010011000,
0b10111110001001111001101100,
0b10111101111011010010110000,
0b10111101101100101101110100,
0b10111101011110001010110100,
0b10111101001111101001100000,
0b10111101000001001010001000,
0b10111100110010101100101000,
0b10111100100100010000111000,
0b10111100010101110111000100,
0b10111100000111011110111100,
0b10111011111001001000110000,
0b10111011101010110100011000,
0b10111011011100100001110000,
0b10111011001110010001001000,
0b10111011000000000010001000,
0b10111010110001110101000100,
0b10111010100011101001101000,
0b10111010010101100000000100,
0b10111010000111011000011000,
0b10111001111001010010011000,
0b10111001101011001110001100,
0b10111001011101001011101000,
0b10111001001111001011000000,
0b10111001000001001100000100,
0b10111000110011001110111100,
0b10111000100101010011100100,
0b10111000010111011010000000,
0b10111000001001100010000100,
0b10110111111011101011110100,
0b10110111101101110111011100,
0b10110111100000000100101000,
0b10110111010010010011110000,
0b10110111000100100100100000,
0b10110110110110110110111000,
0b10110110101001001011000100,
0b10110110011011100000111100,
0b10110110001101111000101000,
0b10110110000000010001110000,
0b10110101110010101100111000,
0b10110101100101001001100100,
0b10110101010111100111101100,
0b10110101001010000111110100,
0b10110100111100101001011100,
0b10110100101111001100110100,
0b10110100100001110001110100,
0b10110100010100011000011100,
0b10110100000111000000111000,
0b10110011111001101010110000,
0b10110011101100010110100000,
0b10110011011111000011110000,
0b10110011010001110010101000,
0b10110011000100100011001000,
0b10110010110111010101010100,
0b10110010101010001001001000,
0b10110010011100111110100000,
0b10110010001111110101101000,
0b10110010000010101110001100,
0b10110001110101101000011100,
0b10110001101000100100011000,
0b10110001011011100001110100,
0b10110001001110100000110100,
0b10110001000001100001011100,
0b10110000110100100011110000,
0b10110000100111100111100000,
0b10110000011010101100111000,
0b10110000001101110011110100,
0b10110000000000111100010100,
0b10101111110100000110011100,
0b10101111100111010010000100,
0b10101111011010011111010100,
0b10101111001101101110000100,
0b10101111000000111110010100,
0b10101110110100010000010000,
0b10101110100111100011101000,
0b10101110011010111000011100,
0b10101110001110001110111100,
0b10101110000001100110111100,
0b10101101110101000000011100,
0b10101101101000011011011100,
0b10101101011011111000000000,
0b10101101001111010110000100,
0b10101101000010110101100100,
0b10101100110110010110101000,
0b10101100101001111001010000,
0b10101100011101011101010000,
0b10101100010001000010111000,
0b10101100000100101001110100,
0b10101011111000010010011100,
0b10101011101011111100011100,
0b10101011011111100111111000,
0b10101011010011010100110100,
0b10101011000111000011010100,
0b10101010111010110011000100,
0b10101010101110100100100100,
0b10101010100010010111011000,
0b10101010010110001011101000,
0b10101010001010000001001100,
0b10101001111101111000010100,
0b10101001110001110001000100,
0b10101001100101101011001000,
0b10101001011001100110100100,
0b10101001001101100011011000,
0b10101001000001100001101100,
0b10101000110101100001100100,
0b10101000101001100010101100,
0b10101000011101100101001100,
0b10101000010001101001001100,
0b10101000000101101110101000,
0b10100111111001110101011000,
0b10100111101101111101101100,
0b10100111100010000111011000,
0b10100111010110010010010000,
0b10100111001010011110101100,
0b10100110111110101100100000,
0b10100110110010111011101100,
0b10100110100111001100001100,
0b10100110011011011110000100,
0b10100110001111110001011100,
0b10100110000100000110001000,
0b10100101111000011100000100,
0b10100101101100110011011100,
0b10100101100001001100010000,
0b10100101010101100110011000,
0b10100101001010000001110100,
0b10100100111110011110101000,
0b10100100110010111100110100,
0b10100100100111011100010100,
0b10100100011011111101000100,
0b10100100010000011111010100,
0b10100100000101000010111000,
0b10100011111001100111101000,
0b10100011101110001101110100,
0b10100011100010110101010100,
0b10100011010111011110000000,
0b10100011001100001000001000,
0b10100011000000110011100100,
0b10100010110101100000010000,
0b10100010101010001110011100,
0b10100010011110111101101100,
0b10100010010011101110011000,
0b10100010001000100000001000,
0b10100001111101010011100000,
0b10100001110010001000000000,
0b10100001100110111101110000,
0b10100001011011110100110100,
0b10100001010000101101001100,
0b10100001000101100110110000,
0b10100000111010100001101100,
0b10100000101111011101111000,
0b10100000100100011011010100,
0b10100000011001011010001000,
0b10100000001110011010000100,
0b10100000000011011011001100,
0b10011111111000011101101100,
0b10011111101101100001100000,
0b10011111100010100110011100,
0b10011111010111101100100100,
0b10011111001100110100000100,
0b10011111000001111100101100,
0b10011110110111000110101000,
0b10011110101100010001110100,
0b10011110100001011110010000,
0b10011110010110101011111000,
0b10011110001011111010101000,
0b10011110000001001010110000,
0b10011101110110011100000000,
0b10011101101011101110011100,
0b10011101100001000010001000,
0b10011101010110010111000000,
0b10011101001011101101001100,
0b10011101000001000100100100,
0b10011100110110011101000100,
0b10011100101011110110101100,
0b10011100100001010001100100,
0b10011100010110101101101100,
0b10011100001100001010111000,
0b10011100000001101001011100,
0b10011011110111001000111100,
0b10011011101100101001111000,
0b10011011100010001011111000,
0b10011011010111101110111100,
0b10011011001101010011010100,
0b10011011000010111000110100,
0b10011010111000011111011100,
0b10011010101110000111011000,
0b10011010100011110000010100,
0b10011010011001011010100000,
0b10011010001111000101110000,
0b10011010000100110010001100,
0b10011001111010011111110000,
0b10011001110000001110011100,
0b10011001100101111110011000,
0b10011001011011101111010100,
0b10011001010001100001100000,
0b10011001000111010100110100,
0b10011000111101001001010000,
0b10011000110010111110110100,
0b10011000101000110101011100,
0b10011000011110101101001100,
0b10011000010100100110000100,
0b10011000001010100000000100,
0b10011000000000011011001100,
0b10010111110110010111100000,
0b10010111101100010100110100,
0b10010111100010010011001100,
0b10010111011000010010111000,
0b10010111001110010011100000,
0b10010111000100010101001100,
0b10010110111010011000001100,
0b10010110110000011100000100,
0b10010110100110100001000100,
0b10010110011100100111001100,
0b10010110010010101110100000,
0b10010110001000110110110000,
0b10010101111111000000001000,
0b10010101110101001010100100,
0b10010101101011010110001000,
0b10010101100001100010101000,
0b10010101010111110000010100,
0b10010101001101111111001000,
0b10010101000100001110110100,
0b10010100111010011111101100,
0b10010100110000110001101100,
0b10010100100111000100101100,
0b10010100011101011000110000,
0b10010100010011101101101100,
0b10010100001010000011111000,
0b10010100000000011011000000,
0b10010011110110110011010000,
0b10010011101101001100011100,
0b10010011100011100110110000,
0b10010011011010000010001100,
0b10010011010000011110100000,
0b10010011000110111011111000,
0b10010010111101011010010100,
0b10010010110011111001110100,
0b10010010101010011010010100,
0b10010010100000111011110000,
0b10010010010111011110010100,
0b10010010001110000001111000,
0b10010010000100100110011000,
0b10010001111011001011111100,
0b10010001110001110010100100,
0b10010001101000011010010000,
0b10010001011111000010111000,
0b10010001010101101100100000,
0b10010001001100010111000000,
0b10010001000011000010100100,
0b10010000111001101111001100,
0b10010000110000011100110000,
0b10010000100111001011011100,
0b10010000011101111010111100,
0b10010000010100101011100000,
0b10010000001011011101000100,
0b10010000000010001111100100,
0b10001111111001000011000100,
0b10001111101111110111100000,
0b10001111100110101100111100,
0b10001111011101100011011000,
0b10001111010100011010110100,
0b10001111001011010011001100,
0b10001111000010001100100100,
0b10001110111001000110111000,
0b10001110110000000010000000,
0b10001110100110111110011000,
0b10001110011101111011100100,
0b10001110010100111001101100,
0b10001110001011111000110000,
0b10001110000010111000110000,
0b10001101111001111001110000,
0b10001101110000111011101100,
0b10001101100111111110100100,
0b10001101011111000010011000,
0b10001101010110000111001100,
0b10001101001101001100110100,
0b10001101000100010011100000,
0b10001100111011011011000100,
0b10001100110010100011100000,
0b10001100101001101100111100,
0b10001100100000110111010100,
0b10001100011000000010101000,
0b10001100001111001110110000,
0b10001100000110011011111100,
0b10001011111101101010000000,
0b10001011110100111000111100,
0b10001011101100001000110100,
0b10001011100011011001100100,
0b10001011011010101011010100,
0b10001011010001111101110100,
0b10001011001001010001011100,
0b10001011000000100101110000,
0b10001010110111111011001000,
0b10001010101111010001010100,
0b10001010100110101000100000,
0b10001010011110000000100000,
0b10001010010101011001011100,
0b10001010001100110011001100,
0b10001010000100001101111000,
0b10001001111011101001011100,
0b10001001110011000101111000,
0b10001001101010100011010000,
0b10001001100010000001100000,
0b10001001011001100000100100,
0b10001001010001000000100000,
0b10001001001000100001011100,
0b10001001000000000011001100,
0b10001000110111100101110000,
0b10001000101111001001010000,
0b10001000100110101101101000,
0b10001000011110010010110000,
0b10001000010101111000110100,
0b10001000001101011111111000,
0b10001000000101000111101000,
0b10000111111100110000001100,
0b10000111110100011001110000,
0b10000111101100000100001000,
0b10000111100011101111010100,
0b10000111011011011011011000,
0b10000111010011001000011000,
0b10000111001010110110000100,
0b10000111000010100100110000,
0b10000110111010010100010000,
0b10000110110010000100011000,
0b10000110101001110101100000,
0b10000110100001100111101000,
0b10000110011001011010011000,
0b10000110010001001110000000,
0b10000110001001000010100000,
0b10000110000000110111110100,
0b10000101111000101101111100,
0b10000101110000100100110100,
0b10000101101000011100101000,
0b10000101100000010101010000,
0b10000101011000001110101100,
0b10000101010000001000111100,
0b10000101001000000100000000,
0b10000100111111111111111000,
0b10000100110111111100100100,
0b10000100101111111010001000,
0b10000100100111111000011000,
0b10000100011111110111100000,
0b10000100010111110111011100,
0b10000100001111111000001000,
0b10000100000111111001101100,
0b10000011111111111100000000,
0b10000011110111111111001100,
0b10000011110000000011000100,
0b10000011101000000111110100,
0b10000011100000001101011000,
0b10000011011000010011101100,
0b10000011010000011010110100,
0b10000011001000100010101000,
0b10000011000000101011011000,
0b10000010111000110100111000,
0b10000010110000111111000100,
0b10000010101001001010001000,
0b10000010100001010101111100,
0b10000010011001100010011100,
0b10000010010001101111111100,
0b10000010001001111110000100,
0b10000010000010001101000000,
0b10000001111010011100100100,
0b10000001110010101101000100,
0b10000001101010111110011000,
0b10000001100011010000010100,
0b10000001011011100011001100,
0b10000001010011110110101100,
0b10000001001100001010111100,
0b10000001000100011111111100,
0b10000000111100110101110000,
0b10000000110101001100011000,
0b10000000101101100011101100,
0b10000000100101111011101100,
0b10000000011110010100100100,
0b10000000010110101110001100,
0b10000000001111001000011100,
0b10000000000111100011101000,
0b01111111111111111111011010,
0b01111111111000011011111110,
0b01111111110000111001001110,
0b01111111101001010111010100,
0b01111111100001110110000100,
0b01111111011010010101100110,
0b01111111010010110101111000,
0b01111111001011010110110100,
0b01111111000011111000100100,
0b01111110111100011011000000,
0b01111110110100111110001110,
0b01111110101101100010001000,
0b01111110100110000110110000,
0b01111110011110101100001000,
0b01111110010111010010010000,
0b01111110001111111001000110,
0b01111110001000100000101000,
0b01111110000001001000110100,
0b01111101111001110001111000,
0b01111101110010011011100100,
0b01111101101011000101111000,
0b01111101100011110000111100,
0b01111101011100011100110010,
0b01111101010101001001011000,
0b01111101001101110110100110,
0b01111101000110100100100110,
0b01111100111111010011010010,
0b01111100111000000010100110,
0b01111100110000110010101100,
0b01111100101001100011011100,
0b01111100100010010100110110,
0b01111100011011000111000100,
0b01111100010011111001111010,
0b01111100001100101101011110,
0b01111100000101100001101100,
0b01111011111110010110100110,
0b01111011110111001100010010,
0b01111011110000000010100110,
0b01111011101000111001100110,
0b01111011100001110001010000,
0b01111011011010101001101010,
0b01111011010011100010110000,
0b01111011001100011100100010,
0b01111011000101010110111000,
0b01111010111110010010000000,
0b01111010110111001101110010,
0b01111010110000001010001110,
0b01111010101001000111011000,
0b01111010100010000101001100,
0b01111010011011000011101100,
0b01111010010100000010110100,
0b01111010001101000010100100,
0b01111010000110000011000110,
0b01111001111111000100001100,
0b01111001111000000110000110,
0b01111001110001001000100000,
0b01111001101010001011101110,
0b01111001100011001111011110,
0b01111001011100010011111010,
0b01111001010101011001000110,
0b01111001001110011110110110,
0b01111001000111100101001110,
0b01111001000000101100010100,
0b01111000111001110100000110,
0b01111000110010111100011100,
0b01111000101100000101100100,
0b01111000100101001111001100,
0b01111000011110011001100000,
0b01111000010111100100100100,
0b01111000010000110000001010,
0b01111000001001111100011010,
0b01111000000011001001010100,
0b01110111111100010110111010,
0b01110111110101100101001000,
0b01110111101110110011111100,
0b01110111101000000011011000,
0b01110111100001010011011100,
0b01110111011010100100001010,
0b01110111010011110101100110,
0b01110111001101000111101000,
0b01110111000110011010010000,
0b01110110111111101101011100,
0b01110110111001000001011000,
0b01110110110010010101110110,
0b01110110101011101011000100,
0b01110110100101000000110110,
0b01110110011110010111001100,
0b01110110010111101110001010,
0b01110110010001000101110100,
0b01110110001010011110000100,
0b01110110000011110110111000,
0b01110101111101010000011000,
0b01110101110110101010011110,
0b01110101110000000101010000,
0b01110101101001100000100000,
0b01110101100010111100011100,
0b01110101011100011001000000,
0b01110101010101110110001100,
0b01110101001111010011111000,
0b01110101001000110010010000,
0b01110101000010010001010010,
0b01110100111011110000110100,
0b01110100110101010001000000,
0b01110100101110110001110000,
0b01110100101000010011001000,
0b01110100100001110101000010,
0b01110100011011010111101010,
0b01110100010100111010110100,
0b01110100001110011110100110,
0b01110100001000000011000010,
0b01110100000001100111111010,
0b01110011111011001101011100,
0b01110011110100110011100110,
0b01110011101110011010010100,
0b01110011101000000001101100,
0b01110011100001101001100000,
0b01110011011011010010000010,
0b01110011010100111011000110,
0b01110011001110100100101110,
0b01110011001000001110111110,
0b01110011000001111001110100,
0b01110010111011100101001010,
0b01110010110101010001001000,
0b01110010101110111101101110,
0b01110010101000101010110100,
0b01110010100010011000011110,
0b01110010011100000110110110,
0b01110010010101110101101000,
0b01110010001111100101000110,
0b01110010001001010101000110,
0b01110010000011000101101110,
0b01110001111100110110110100,
0b01110001110110101000100010,
0b01110001110000011010110000,
0b01110001101010001101100100,
0b01110001100100000000111110,
0b01110001011101110100111010,
0b01110001010111101001011100,
0b01110001010001011110100110,
0b01110001001011010100001110,
0b01110001000101001010010110,
0b01110000111111000001000100,
0b01110000111000111000011010,
0b01110000110010110000010110,
0b01110000101100101000110000,
0b01110000100110100001101110,
0b01110000100000011011001100,
0b01110000011010010101001110,
0b01110000010100001111111100,
0b01110000001110001011000010,
0b01110000001000000110110100,
0b01110000000010000011000100,
0b01101111111011111111111010,
0b01101111110101111101001110,
0b01101111101111111011001010,
0b01101111101001111001100010,
0b01101111100011111000100110,
0b01101111011101111000000100,
0b01101111010111111000001100,
0b01101111010001111000101110,
0b01101111001011111001110110,
0b01101111000101111011100000,
0b01101110111111111101110000,
0b01101110111010000000100100,
0b01101110110100000011110000,
0b01101110101110000111100000,
0b01101110101000001011111000,
0b01101110100010010000101110,
0b01101110011100010110001100,
0b01101110010110011100000110,
0b01101110010000100010011110,
0b01101110001010101001011100,
0b01101110000100110001000010,
0b01101101111110111001000100,
0b01101101111001000001100100,
0b01101101110011001010101010,
0b01101101101101010100001000,
0b01101101100111011110010000,
0b01101101100001101000111000,
0b01101101011011110100000110,
0b01101101010101111111101010,
0b01101101010000001011111010,
0b01101101001010011000100100,
0b01101101000100100101101110,
0b01101100111110110011011010,
0b01101100111001000001100110,
0b01101100110011010000010110,
0b01101100101101011111100110,
0b01101100100111101111011000,
0b01101100100001111111100100,
0b01101100011100010000011010,
0b01101100010110100001101000,
0b01101100010000110011011000,
0b01101100001011000101101010,
0b01101100000101011000011100,
0b01101011111111101011110000,
0b01101011111001111111100110,
0b01101011110100010011110100,
0b01101011101110101000100100,
0b01101011101000111101110100,
0b01101011100011010011100110,
0b01101011011101101001111000,
0b01101011011000000000101100,
0b01101011010010010111111010,
0b01101011001100101111101000,
0b01101011000111000111111000,
0b01101011000001100000101000,
0b01101010111011111001110110,
0b01101010110110010011100100,
0b01101010110000101101101110,
0b01101010101011001000100000,
0b01101010100101100011100100,
0b01101010011111111111010010,
0b01101010011010011011011000,
0b01101010010100111000000110,
0b01101010001111010101000110,
0b01101010001001110010101110,
0b01101010000100010000110100,
0b01101001111110101111011000,
0b01101001111001001110011000,
0b01101001110011101101111100,
0b01101001101110001101111000,
0b01101001101000101110011010,
0b01101001100011001111010100,
0b01101001011101110000101010,
0b01101001011000010010100110,
0b01101001010010110100111010,
0b01101001001101010111110010,
0b01101001000111111011000110,
0b01101001000010011110110100,
0b01101000111101000011000010,
0b01101000110111100111110000,
0b01101000110010001100111000,
0b01101000101100110010100110,
0b01101000100111011000101110,
0b01101000100001111111001110,
0b01101000011100100110010100,
0b01101000010111001101110100,
0b01101000010001110101101100,
0b01101000001100011110001100,
0b01101000000111000111000010,
0b01101000000001110000011010,
0b01100111111100011010001010,
0b01100111110111000100011000,
0b01100111110001101111001010,
0b01100111101100011010011000,
0b01100111100111000110000000,
0b01100111100001110010000110,
0b01100111011100011110100110,
0b01100111010111001011100100,
0b01100111010001111001000000,
0b01100111001100100110110110,
0b01100111000111010101001100,
0b01100111000010000100000000,
0b01100110111100110011001110,
0b01100110110111100010111010,
0b01100110110010010011001000,
0b01100110101101000011101100,
0b01100110100111110100101110,
0b01100110100010100110001000,
0b01100110011101011000000010,
0b01100110011000001010011100,
0b01100110010010111101001110,
0b01100110001101110000011110,
0b01100110001000100100000110,
0b01100110000011011000001110,
0b01100101111110001100110100,
0b01100101111001000001110010,
0b01100101110011110111001110,
0b01100101101110101101000110,
0b01100101101001100011011000,
0b01100101100100011010000100,
0b01100101011111010001010100,
0b01100101011010001000110110,
0b01100101010101000000111000,
0b01100101001111111001010110,
0b01100101001010110010001110,
0b01100101000101101011100100,
0b01100101000000100101011000,
0b01100100111011011111100100,
0b01100100110110011010000110,
0b01100100110001010101001000,
0b01100100101100010000101010,
0b01100100100111001100100000,
0b01100100100010001000111000,
0b01100100011101000101100110,
0b01100100011000000010110010,
0b01100100010011000000010100,
0b01100100001101111110010110,
0b01100100001000111100110000,
0b01100100000011111011101000,
0b01100011111110111010111000,
0b01100011111001111010100010,
0b01100011110100111010100110,
0b01100011101111111011001000,
0b01100011101010111100000100,
0b01100011100101111101011100,
0b01100011100000111111001010,
0b01100011011100000001010110,
0b01100011010111000011111010,
0b01100011010010000110111010,
0b01100011001101001010010010,
0b01100011001000001110001010,
0b01100011000011010010010110,
0b01100010111110010110111110,
0b01100010111001011011111110,
0b01100010110100100001100000,
0b01100010101111100111010110,
0b01100010101010101101100110,
0b01100010100101110100010010,
0b01100010100000111011011010,
0b01100010011100000010110110,
0b01100010010111001010110010,
0b01100010010010010011000000,
0b01100010001101011011101100,
0b01100010001000100100110100,
0b01100010000011101110010100,
0b01100001111110111000001100,
0b01100001111010000010011110,
0b01100001110101001101001010,
0b01100001110000011000010000,
0b01100001101011100011110010,
0b01100001100110101111100110,
0b01100001100001111011111000,
0b01100001011101001000100010,
0b01100001011000010101100110,
0b01100001010011100011000100,
0b01100001001110110000110110,
0b01100001001001111111001000,
0b01100001000101001101110000,
0b01100001000000011100110010,
0b01100000111011101100001100,
0b01100000110110111011111110,
0b01100000110010001100001100,
0b01100000101101011100101110,
0b01100000101000101101101000,
0b01100000100011111111000000,
0b01100000011111010000101110,
0b01100000011010100010111000,
0b01100000010101110101011010,
0b01100000010001001000010000,
0b01100000001100011011100100,
0b01100000000111101111001100,
0b01100000000011000011001100,
0b01011111111110010111101000,
0b01011111111001101100011110,
0b01011111110101000001100110,
0b01011111110000010111001100,
0b01011111101011101101000110,
0b01011111100111000011011000,
0b01011111100010011010000000,
0b01011111011101110001000100,
0b01011111011001001000100010,
0b01011111010100100000010010,
0b01011111001111111000100000,
0b01011111001011010001000010,
0b01011111000110101001111110,
0b01011111000010000011010010,
0b01011110111101011100111110,
0b01011110111000110110111110,
0b01011110110100010001011000,
0b01011110101111101100001100,
0b01011110101011000111010100,
0b01011110100110100010111000,
0b01011110100001111110110000,
0b01011110011101011011000000,
0b01011110011000110111100100,
0b01011110010100010100100110,
0b01011110001111110001111100,
0b01011110001011001111101010,
0b01011110000110101101110000,
0b01011110000010001100001110,
0b01011101111101101011000000,
0b01011101111001001010001010,
0b01011101110100101001101000,
0b01011101110000001001100000,
0b01011101101011101001110010,
0b01011101100111001010011010,
0b01011101100010101011010100,
0b01011101011110001100101100,
0b01011101011001101110010110,
0b01011101010101010000011000,
0b01011101010000110010110100,
0b01011101001100010101011110,
0b01011101000111111000100110,
0b01011101000011011100000010,
0b01011100111110111111111010,
0b01011100111010100100000000,
0b01011100110110001000100010,
0b01011100110001101101011000,
0b01011100101101010010101100,
0b01011100101000111000001100,
0b01011100100100011110001010,
0b01011100100000000100011110,
0b01011100011011101011000010,
0b01011100010111010001111110,
0b01011100010010111001001110,
0b01011100001110100000111100,
0b01011100001010001000111100,
0b01011100000101110001010010,
0b01011100000001011010000000,
0b01011011111101000011000000,
0b01011011111000101100011010,
0b01011011110100010110001010,
0b01011011110000000000001110,
0b01011011101011101010101000,
0b01011011100111010101011000,
0b01011011100011000000011100,
0b01011011011110101011111000,
0b01011011011010010111101100,
0b01011011010110000011110110,
0b01011011010001110000010000,
0b01011011001101011101000100,
0b01011011001001001010001010,
0b01011011000100110111101000,
0b01011011000000100101011000,
0b01011010111100010011100100,
0b01011010111000000010000100,
0b01011010110011110000110100,
0b01011010101111011111111100,
0b01011010101011001111100000,
0b01011010100110111111010000,
0b01011010100010101111011100,
